/*******************************************************************************
 * Size: 16 px
 * Bpp: 4
 * Opts: --font fonts/geist/Geist-Regular.ttf --range 0x20-0x7E,0xA0-0x17F,0x370-0x3FF,0x2010-0x2027,0x20AC --size 16 --bpp 4 --format lvgl --no-compress --lv-include lvgl.h --lv-font-name lv_font_geist_16 --output firmware/main/fonts/lv_font_geist_16.c
 ******************************************************************************/

#ifdef LV_LVGL_H_INCLUDE_SIMPLE
#include "lvgl.h"
#else
#include "lvgl.h"
#endif

#ifndef LV_FONT_GEIST_16
#define LV_FONT_GEIST_16 1
#endif

#if LV_FONT_GEIST_16

/*-----------------
 *    BITMAPS
 *----------------*/

/*Store the image of the glyphs*/
static LV_ATTRIBUTE_LARGE_CONST const uint8_t glyph_bitmap[] = {
    /* U+0020 " " */

    /* U+0021 "!" */
    0xe, 0x70, 0xe7, 0xe, 0x70, 0xe7, 0xe, 0x60,
    0xd6, 0xc, 0x50, 0xb4, 0x4, 0x10, 0x0, 0x2e,
    0x83, 0xf9,

    /* U+0022 "\"" */
    0x4f, 0x19, 0xd4, 0xf1, 0x9c, 0x2f, 0x18, 0xb0,
    0xf0, 0x89, 0x6, 0x3, 0x30,

    /* U+0023 "#" */
    0x0, 0x6, 0xb0, 0x3e, 0x0, 0x0, 0x98, 0x7,
    0xb0, 0x0, 0xc, 0x50, 0xa8, 0x0, 0x6f, 0xff,
    0xff, 0xfa, 0x1, 0x4f, 0x22, 0xf4, 0x10, 0x4,
    0xd0, 0x1f, 0x0, 0x0, 0x6b, 0x4, 0xe0, 0x0,
    0x8, 0x90, 0x6c, 0x0, 0xf, 0xff, 0xff, 0xff,
    0x0, 0x2e, 0x52, 0xc8, 0x20, 0x1, 0xf0, 0xe,
    0x30, 0x0, 0x5d, 0x2, 0xf0, 0x0,

    /* U+0024 "$" */
    0x0, 0x0, 0x47, 0x0, 0x0, 0x0, 0x0, 0x7c,
    0x0, 0x0, 0x0, 0x6d, 0xff, 0xb2, 0x0, 0x5,
    0xfa, 0xae, 0xdf, 0x20, 0xb, 0xb0, 0x7c, 0xd,
    0x90, 0xd, 0x90, 0x7c, 0x6, 0x90, 0x9, 0xf5,
    0x7c, 0x0, 0x0, 0x0, 0xaf, 0xfe, 0x60, 0x0,
    0x0, 0x1, 0xaf, 0xfe, 0x30, 0x0, 0x0, 0x7c,
    0x2c, 0xd0, 0xe, 0x50, 0x7c, 0x4, 0xf2, 0xc,
    0xc0, 0x7c, 0x6, 0xf1, 0x3, 0xfc, 0xad, 0x7f,
    0xa0, 0x0, 0x3c, 0xff, 0xf9, 0x0, 0x0, 0x0,
    0x7c, 0x0, 0x0, 0x0, 0x0, 0x24, 0x0, 0x0,

    /* U+0025 "%" */
    0x4, 0xde, 0x80, 0x0, 0xa, 0xa0, 0x0, 0xe5,
    0x2e, 0x40, 0x4, 0xe1, 0x0, 0x3e, 0x0, 0x98,
    0x0, 0xe5, 0x0, 0x3, 0xe0, 0x8, 0x90, 0x9a,
    0x0, 0x0, 0x1f, 0x30, 0xd5, 0x3e, 0x10, 0x0,
    0x0, 0x5e, 0xf9, 0xd, 0x60, 0x0, 0x0, 0x0,
    0x0, 0x8, 0xb0, 0x9d, 0xb2, 0x0, 0x0, 0x3,
    0xf1, 0x7d, 0x29, 0xc0, 0x0, 0x0, 0xd6, 0xb,
    0x60, 0x1f, 0x0, 0x0, 0x8c, 0x0, 0xb6, 0x1,
    0xf0, 0x0, 0x2f, 0x20, 0x7, 0xb0, 0x6d, 0x0,
    0xc, 0x70, 0x0, 0xa, 0xec, 0x30,

    /* U+0026 "&" */
    0x0, 0x4d, 0xfd, 0x40, 0x0, 0x0, 0xfc, 0x7c,
    0xe0, 0x0, 0x3, 0xf3, 0x4, 0xf2, 0x0, 0x2,
    0xf5, 0x8, 0xe0, 0x0, 0x0, 0xac, 0x7f, 0x40,
    0x0, 0x0, 0x6f, 0xf3, 0x0, 0x0, 0x6, 0xfb,
    0xf6, 0x0, 0x51, 0x1f, 0x90, 0x7f, 0x32, 0xf3,
    0x4f, 0x20, 0xa, 0xe7, 0xf0, 0x4f, 0x30, 0x0,
    0xdf, 0x90, 0xd, 0xd7, 0x57, 0xef, 0x80, 0x2,
    0xae, 0xfe, 0x96, 0xf4,

    /* U+0027 "'" */
    0x4f, 0x24, 0xf1, 0x3f, 0x1, 0xf0, 0x6, 0x0,

    /* U+0028 "(" */
    0x0, 0x17, 0x0, 0x9, 0xa0, 0x2, 0xf3, 0x0,
    0x8d, 0x0, 0xd, 0x80, 0x0, 0xf5, 0x0, 0x3f,
    0x30, 0x4, 0xf2, 0x0, 0x3f, 0x20, 0x2, 0xf3,
    0x0, 0xe, 0x60, 0x0, 0xaa, 0x0, 0x5, 0xf0,
    0x0, 0xd, 0x60, 0x0, 0x5e, 0x0,

    /* U+0029 ")" */
    0x54, 0x0, 0x4e, 0x0, 0xd, 0x70, 0x7, 0xd0,
    0x2, 0xf3, 0x0, 0xf6, 0x0, 0xd8, 0x0, 0xca,
    0x0, 0xc9, 0x0, 0xd8, 0x1, 0xf4, 0x4, 0xf1,
    0xa, 0xa0, 0x1f, 0x40, 0x8b, 0x0,

    /* U+002A "*" */
    0x0, 0x0, 0x0, 0x0, 0x3c, 0xd, 0x20, 0x0,
    0xbc, 0x90, 0x4, 0xff, 0xff, 0xf2, 0x2, 0xbe,
    0x92, 0x0, 0x3e, 0x2e, 0x20, 0x0, 0x20, 0x20,
    0x0,

    /* U+002B "+" */
    0x0, 0x2, 0xf1, 0x0, 0x0, 0x0, 0x2f, 0x10,
    0x0, 0x0, 0x3, 0xf2, 0x0, 0x5, 0xff, 0xff,
    0xff, 0xf4, 0x13, 0x35, 0xf4, 0x33, 0x10, 0x0,
    0x2f, 0x10, 0x0, 0x0, 0x2, 0xf1, 0x0, 0x0,
    0x0, 0x2f, 0x10, 0x0,

    /* U+002C "," */
    0x4e, 0x74, 0xf8, 0xa, 0x31, 0xb0,

    /* U+002D "-" */
    0x1, 0x11, 0x11, 0x4f, 0xff, 0xff, 0x14, 0x44,
    0x44,

    /* U+002E "." */
    0x4e, 0x74, 0xf8,

    /* U+002F "/" */
    0x0, 0x0, 0x5, 0x40, 0x0, 0x0, 0xf5, 0x0,
    0x0, 0x4f, 0x0, 0x0, 0x9, 0xa0, 0x0, 0x0,
    0xe5, 0x0, 0x0, 0x4f, 0x0, 0x0, 0x9, 0xa0,
    0x0, 0x0, 0xe5, 0x0, 0x0, 0x3f, 0x0, 0x0,
    0x9, 0xb0, 0x0, 0x0, 0xe6, 0x0, 0x0, 0x3f,
    0x10, 0x0, 0x8, 0xb0, 0x0, 0x0, 0xd6, 0x0,
    0x0, 0x3f, 0x10, 0x0, 0x0,

    /* U+0030 "0" */
    0x0, 0x18, 0xef, 0xc5, 0x0, 0x0, 0xcf, 0x87,
    0xbf, 0x60, 0x7, 0xf2, 0x0, 0x9, 0xf1, 0xd,
    0xa0, 0x0, 0x1, 0xf7, 0x1f, 0x60, 0x0, 0x0,
    0xca, 0x2f, 0x40, 0x0, 0x0, 0xac, 0x2f, 0x40,
    0x0, 0x0, 0xac, 0x1f, 0x60, 0x0, 0x0, 0xca,
    0xd, 0xa0, 0x0, 0x1, 0xf7, 0x7, 0xf2, 0x0,
    0x8, 0xf1, 0x0, 0xce, 0x86, 0xaf, 0x70, 0x0,
    0x19, 0xef, 0xc5, 0x0,

    /* U+0031 "1" */
    0x0, 0xc, 0x60, 0x3, 0xf6, 0x5f, 0xff, 0x61,
    0x33, 0xf6, 0x0, 0xf, 0x60, 0x0, 0xf6, 0x0,
    0xf, 0x60, 0x0, 0xf6, 0x0, 0xf, 0x60, 0x0,
    0xf6, 0x0, 0xf, 0x60, 0x0, 0xf6,

    /* U+0032 "2" */
    0x0, 0x2a, 0xef, 0xc5, 0x0, 0x1e, 0xe8, 0x7b,
    0xf5, 0x9, 0xe1, 0x0, 0xc, 0xc0, 0xb7, 0x0,
    0x0, 0x8e, 0x0, 0x0, 0x0, 0xc, 0xc0, 0x0,
    0x0, 0x2b, 0xf4, 0x0, 0x0, 0x7f, 0xe4, 0x0,
    0x1, 0xcf, 0x90, 0x0, 0x0, 0xde, 0x30, 0x0,
    0x0, 0x8f, 0x30, 0x0, 0x0, 0xd, 0xd6, 0x66,
    0x66, 0x50, 0xff, 0xff, 0xff, 0xff,

    /* U+0033 "3" */
    0x0, 0x5c, 0xfe, 0xb3, 0x0, 0x5, 0xfb, 0x77,
    0xdf, 0x20, 0xb, 0xa0, 0x0, 0xf, 0x70, 0x0,
    0x0, 0x0, 0xe, 0x80, 0x0, 0x0, 0x12, 0x9f,
    0x20, 0x0, 0x1, 0xff, 0xf4, 0x0, 0x0, 0x0,
    0x45, 0xaf, 0x30, 0x0, 0x0, 0x0, 0xb, 0xc0,
    0x5, 0x10, 0x0, 0x7, 0xf0, 0xf, 0x80, 0x0,
    0xb, 0xd0, 0x8, 0xfa, 0x67, 0xcf, 0x50, 0x0,
    0x6d, 0xff, 0xb4, 0x0,

    /* U+0034 "4" */
    0x0, 0x0, 0x3, 0xfa, 0x0, 0x0, 0x0, 0xd,
    0xfa, 0x0, 0x0, 0x0, 0x9e, 0xda, 0x0, 0x0,
    0x5, 0xf5, 0xca, 0x0, 0x0, 0x1e, 0x90, 0xca,
    0x0, 0x0, 0xbd, 0x0, 0xca, 0x0, 0x7, 0xf2,
    0x0, 0xca, 0x0, 0x2f, 0x81, 0x11, 0xca, 0x10,
    0x8f, 0xff, 0xff, 0xff, 0xf0, 0x24, 0x44, 0x44,
    0xdb, 0x40, 0x0, 0x0, 0x0, 0xca, 0x0, 0x0,
    0x0, 0x0, 0xca, 0x0,

    /* U+0035 "5" */
    0x2, 0xff, 0xff, 0xff, 0x40, 0x4, 0xf7, 0x66,
    0x66, 0x10, 0x6, 0xf0, 0x0, 0x0, 0x0, 0x7,
    0xe0, 0x0, 0x0, 0x0, 0x9, 0xd9, 0xff, 0xd5,
    0x0, 0xb, 0xfb, 0x55, 0xbf, 0x40, 0x7, 0x70,
    0x0, 0xc, 0xc0, 0x0, 0x0, 0x0, 0x7, 0xf0,
    0x5, 0x20, 0x0, 0x7, 0xf0, 0xd, 0xb0, 0x0,
    0xd, 0xc0, 0x4, 0xfc, 0x77, 0xdf, 0x30, 0x0,
    0x4c, 0xef, 0xb3, 0x0,

    /* U+0036 "6" */
    0x0, 0x9, 0xef, 0xc4, 0x0, 0xc, 0xf9, 0x7b,
    0xf3, 0x6, 0xf3, 0x0, 0xa, 0x70, 0xca, 0x0,
    0x0, 0x0, 0xf, 0x7a, 0xff, 0xc3, 0x1, 0xff,
    0xb5, 0x5c, 0xf2, 0x2f, 0xb0, 0x0, 0xe, 0x92,
    0xf5, 0x0, 0x0, 0xac, 0xf, 0x60, 0x0, 0xb,
    0xc0, 0xcc, 0x0, 0x1, 0xf8, 0x4, 0xfc, 0x78,
    0xee, 0x10, 0x4, 0xcf, 0xea, 0x20,

    /* U+0037 "7" */
    0xbf, 0xff, 0xff, 0xff, 0x64, 0x66, 0x66, 0x69,
    0xf3, 0x0, 0x0, 0x1, 0xd7, 0x0, 0x0, 0x0,
    0x9c, 0x0, 0x0, 0x0, 0x3f, 0x30, 0x0, 0x0,
    0xa, 0xa0, 0x0, 0x0, 0x1, 0xf3, 0x0, 0x0,
    0x0, 0x6e, 0x0, 0x0, 0x0, 0xb, 0xa0, 0x0,
    0x0, 0x0, 0xe7, 0x0, 0x0, 0x0, 0xf, 0x50,
    0x0, 0x0, 0x2, 0xf4, 0x0, 0x0,

    /* U+0038 "8" */
    0x0, 0x4c, 0xfe, 0xa2, 0x0, 0x4, 0xfb, 0x77,
    0xde, 0x10, 0xb, 0xc0, 0x0, 0x2f, 0x60, 0xc,
    0xb0, 0x0, 0xf, 0x60, 0x6, 0xf6, 0x12, 0xaf,
    0x10, 0x0, 0xaf, 0xff, 0xf4, 0x0, 0x9, 0xf7,
    0x45, 0xaf, 0x40, 0x2f, 0x50, 0x0, 0xa, 0xd0,
    0x5f, 0x10, 0x0, 0x7, 0xf0, 0x3f, 0x60, 0x0,
    0xb, 0xe0, 0xb, 0xf9, 0x67, 0xcf, 0x60, 0x0,
    0x8d, 0xff, 0xc5, 0x0,

    /* U+0039 "9" */
    0x0, 0x6d, 0xfe, 0x80, 0x0, 0x8f, 0xb7, 0x9f,
    0xa0, 0x1f, 0x90, 0x0, 0x5f, 0x34, 0xf2, 0x0,
    0x0, 0xf7, 0x5f, 0x20, 0x0, 0xe, 0xa2, 0xf6,
    0x0, 0x2, 0xfa, 0xb, 0xe5, 0x24, 0xdf, 0x90,
    0x1c, 0xff, 0xf8, 0xd7, 0x0, 0x2, 0x41, 0x1f,
    0x50, 0x73, 0x0, 0x9, 0xf0, 0xb, 0xe8, 0x7b,
    0xf6, 0x0, 0x9, 0xef, 0xd5, 0x0,

    /* U+003A ":" */
    0x8f, 0x47, 0xe3, 0x0, 0x0, 0x0, 0x0, 0x0,
    0x0, 0x0, 0x7, 0xe3, 0x8f, 0x40,

    /* U+003B ";" */
    0x8f, 0x47, 0xe3, 0x0, 0x0, 0x0, 0x0, 0x0,
    0x0, 0x0, 0x7, 0xe3, 0x8f, 0x40, 0xd0, 0x48,
    0x0,

    /* U+003C "<" */
    0x0, 0x0, 0x0, 0x0, 0x0, 0x0, 0x0, 0x6c,
    0x0, 0x0, 0x7e, 0xe7, 0x1, 0x8f, 0xe7, 0x0,
    0x4f, 0xd6, 0x0, 0x0, 0x5f, 0x60, 0x0, 0x0,
    0x7, 0xee, 0x81, 0x0, 0x0, 0x6, 0xdf, 0x91,
    0x0, 0x0, 0x5, 0xce, 0x0, 0x0, 0x0, 0x3,

    /* U+003D "=" */
    0x0, 0x0, 0x0, 0x0, 0x5f, 0xff, 0xff, 0xff,
    0x13, 0x33, 0x33, 0x33, 0x1, 0x11, 0x11, 0x11,
    0x5f, 0xff, 0xff, 0xff, 0x13, 0x33, 0x33, 0x33,

    /* U+003E ">" */
    0x0, 0x0, 0x0, 0x0, 0x3, 0xb4, 0x0, 0x0,
    0x0, 0x1a, 0xfc, 0x50, 0x0, 0x0, 0x2, 0x9f,
    0xd6, 0x0, 0x0, 0x0, 0x18, 0xee, 0x0, 0x0,
    0x0, 0x19, 0xf1, 0x0, 0x2, 0xaf, 0xc5, 0x0,
    0x3b, 0xfb, 0x40, 0x0, 0x3f, 0xa3, 0x0, 0x0,
    0x1, 0x20, 0x0, 0x0, 0x0,

    /* U+003F "?" */
    0x0, 0x5c, 0xfe, 0x80, 0x0, 0x6f, 0xa7, 0x9f,
    0xa0, 0xf, 0x90, 0x0, 0x7f, 0x12, 0xc3, 0x0,
    0x3, 0xf3, 0x0, 0x0, 0x0, 0x8f, 0x0, 0x0,
    0x0, 0x9f, 0x50, 0x0, 0x0, 0xae, 0x30, 0x0,
    0x0, 0x1f, 0x50, 0x0, 0x0, 0x2, 0xa1, 0x0,
    0x0, 0x0, 0x0, 0x0, 0x0, 0x0, 0x7, 0xe4,
    0x0, 0x0, 0x0, 0x8f, 0x40, 0x0,

    /* U+0040 "@" */
    0x0, 0x0, 0x39, 0xdf, 0xec, 0x70, 0x0, 0x0,
    0x9, 0xfa, 0x53, 0x36, 0xcd, 0x20, 0x0, 0xad,
    0x20, 0x0, 0x0, 0x9, 0xd0, 0x5, 0xf1, 0x7,
    0xde, 0x8b, 0x60, 0xd5, 0xc, 0x70, 0x7f, 0x53,
    0xaf, 0x50, 0x8a, 0x1f, 0x10, 0xf6, 0x0, 0xf,
    0x40, 0x6b, 0x3f, 0x3, 0xf2, 0x0, 0xe, 0x30,
    0x7b, 0x4e, 0x3, 0xf2, 0x0, 0x2f, 0x20, 0x98,
    0x2f, 0x0, 0xe9, 0x1, 0xbf, 0x33, 0xf2, 0xe,
    0x40, 0x4e, 0xfe, 0x68, 0xff, 0x60, 0x8, 0xd0,
    0x0, 0x10, 0x0, 0x10, 0x0, 0x0, 0xcd, 0x51,
    0x1, 0x36, 0x0, 0x0, 0x0, 0x8, 0xef, 0xff,
    0xfa, 0x0, 0x0, 0x0, 0x0, 0x1, 0x21, 0x0,
    0x0, 0x0,

    /* U+0041 "A" */
    0x0, 0x0, 0xcf, 0x60, 0x0, 0x0, 0x0, 0x1f,
    0xcc, 0x0, 0x0, 0x0, 0x7, 0xe3, 0xf1, 0x0,
    0x0, 0x0, 0xc9, 0xe, 0x70, 0x0, 0x0, 0x1f,
    0x30, 0x8c, 0x0, 0x0, 0x7, 0xe0, 0x3, 0xf2,
    0x0, 0x0, 0xc9, 0x11, 0x1e, 0x70, 0x0, 0x2f,
    0xff, 0xff, 0xfd, 0x0, 0x7, 0xe4, 0x44, 0x46,
    0xf2, 0x0, 0xd9, 0x0, 0x0, 0xe, 0x80, 0x2f,
    0x40, 0x0, 0x0, 0x9d, 0x8, 0xf0, 0x0, 0x0,
    0x4, 0xf3,

    /* U+0042 "B" */
    0x8f, 0xff, 0xfe, 0xa2, 0x8, 0xe6, 0x66, 0x8e,
    0xe1, 0x8d, 0x0, 0x0, 0x3f, 0x58, 0xd0, 0x0,
    0x1, 0xf5, 0x8d, 0x11, 0x14, 0xce, 0x8, 0xff,
    0xff, 0xfd, 0x30, 0x8e, 0x44, 0x45, 0xbf, 0x38,
    0xd0, 0x0, 0x0, 0xcb, 0x8d, 0x0, 0x0, 0x9,
    0xd8, 0xd0, 0x0, 0x0, 0xdc, 0x8e, 0x66, 0x67,
    0xcf, 0x58, 0xff, 0xff, 0xfc, 0x50,

    /* U+0043 "C" */
    0x0, 0x6, 0xcf, 0xfc, 0x40, 0x0, 0xb, 0xfb,
    0x77, 0xcf, 0x50, 0x6, 0xf5, 0x0, 0x0, 0xaf,
    0x0, 0xda, 0x0, 0x0, 0x1, 0xf5, 0x2f, 0x50,
    0x0, 0x0, 0x0, 0x3, 0xf3, 0x0, 0x0, 0x0,
    0x0, 0x3f, 0x30, 0x0, 0x0, 0x0, 0x2, 0xf5,
    0x0, 0x0, 0x0, 0x32, 0xd, 0xa0, 0x0, 0x0,
    0x1f, 0x60, 0x7f, 0x50, 0x0, 0xa, 0xf1, 0x0,
    0xbf, 0xa7, 0x7c, 0xf5, 0x0, 0x0, 0x6c, 0xfe,
    0xb4, 0x0,

    /* U+0044 "D" */
    0x8f, 0xff, 0xfd, 0x70, 0x0, 0x8e, 0x66, 0x7a,
    0xfd, 0x10, 0x8d, 0x0, 0x0, 0x2e, 0xa0, 0x8d,
    0x0, 0x0, 0x7, 0xf1, 0x8d, 0x0, 0x0, 0x2,
    0xf5, 0x8d, 0x0, 0x0, 0x0, 0xf6, 0x8d, 0x0,
    0x0, 0x0, 0xf6, 0x8d, 0x0, 0x0, 0x2, 0xf5,
    0x8d, 0x0, 0x0, 0x6, 0xf1, 0x8d, 0x0, 0x0,
    0x2e, 0xa0, 0x8e, 0x66, 0x69, 0xfd, 0x10, 0x8f,
    0xff, 0xfd, 0x81, 0x0,

    /* U+0045 "E" */
    0x8f, 0xff, 0xff, 0xf9, 0x8e, 0x66, 0x66, 0x63,
    0x8d, 0x0, 0x0, 0x0, 0x8d, 0x0, 0x0, 0x0,
    0x8d, 0x11, 0x11, 0x10, 0x8f, 0xff, 0xff, 0xf6,
    0x8e, 0x44, 0x44, 0x41, 0x8d, 0x0, 0x0, 0x0,
    0x8d, 0x0, 0x0, 0x0, 0x8d, 0x0, 0x0, 0x0,
    0x8e, 0x66, 0x66, 0x64, 0x8f, 0xff, 0xff, 0xfb,

    /* U+0046 "F" */
    0x8f, 0xff, 0xff, 0xf9, 0x8e, 0x66, 0x66, 0x63,
    0x8d, 0x0, 0x0, 0x0, 0x8d, 0x0, 0x0, 0x0,
    0x8d, 0x0, 0x0, 0x0, 0x8d, 0x11, 0x11, 0x10,
    0x8f, 0xff, 0xff, 0xf5, 0x8e, 0x44, 0x44, 0x41,
    0x8d, 0x0, 0x0, 0x0, 0x8d, 0x0, 0x0, 0x0,
    0x8d, 0x0, 0x0, 0x0, 0x8d, 0x0, 0x0, 0x0,

    /* U+0047 "G" */
    0x0, 0x6, 0xcf, 0xeb, 0x30, 0x0, 0xa, 0xfa,
    0x77, 0xcf, 0x40, 0x6, 0xf4, 0x0, 0x0, 0xae,
    0x0, 0xda, 0x0, 0x0, 0x2, 0xd3, 0x1f, 0x50,
    0x0, 0x0, 0x0, 0x3, 0xf3, 0x0, 0x1, 0x11,
    0x10, 0x3f, 0x30, 0x2, 0xff, 0xff, 0x62, 0xf5,
    0x0, 0x4, 0x44, 0xf6, 0xd, 0x90, 0x0, 0x0,
    0x2f, 0x60, 0x7f, 0x40, 0x0, 0xb, 0xf6, 0x0,
    0xbf, 0xa6, 0x7d, 0xcb, 0x60, 0x0, 0x7d, 0xfe,
    0x90, 0xa6,

    /* U+0048 "H" */
    0x8d, 0x0, 0x0, 0x7, 0xf8, 0xd0, 0x0, 0x0,
    0x7f, 0x8d, 0x0, 0x0, 0x7, 0xf8, 0xd0, 0x0,
    0x0, 0x7f, 0x8d, 0x11, 0x11, 0x17, 0xf8, 0xff,
    0xff, 0xff, 0xff, 0x8e, 0x44, 0x44, 0x49, 0xf8,
    0xd0, 0x0, 0x0, 0x7f, 0x8d, 0x0, 0x0, 0x7,
    0xf8, 0xd0, 0x0, 0x0, 0x7f, 0x8d, 0x0, 0x0,
    0x7, 0xf8, 0xd0, 0x0, 0x0, 0x7f,

    /* U+0049 "I" */
    0x8d, 0x8d, 0x8d, 0x8d, 0x8d, 0x8d, 0x8d, 0x8d,
    0x8d, 0x8d, 0x8d, 0x8d,

    /* U+004A "J" */
    0x0, 0x0, 0x1, 0xf5, 0x0, 0x0, 0x1, 0xf5,
    0x0, 0x0, 0x1, 0xf5, 0x0, 0x0, 0x1, 0xf5,
    0x0, 0x0, 0x1, 0xf5, 0x0, 0x0, 0x1, 0xf5,
    0x0, 0x0, 0x1, 0xf5, 0x21, 0x0, 0x1, 0xf4,
    0xd9, 0x0, 0x2, 0xf3, 0xad, 0x0, 0x7, 0xf0,
    0x2f, 0xc7, 0x9f, 0x80, 0x3, 0xcf, 0xe7, 0x0,

    /* U+004B "K" */
    0x8d, 0x0, 0x0, 0x7f, 0x48, 0xd0, 0x0, 0x5f,
    0x60, 0x8d, 0x0, 0x3f, 0x80, 0x8, 0xd0, 0x2e,
    0xb0, 0x0, 0x8d, 0xd, 0xc0, 0x0, 0x8, 0xdb,
    0xf7, 0x0, 0x0, 0x8f, 0xfa, 0xf2, 0x0, 0x8,
    0xf4, 0xc, 0xd0, 0x0, 0x8d, 0x0, 0x2f, 0x80,
    0x8, 0xd0, 0x0, 0x7f, 0x40, 0x8d, 0x0, 0x0,
    0xbe, 0x18, 0xd0, 0x0, 0x1, 0xea,

    /* U+004C "L" */
    0x8d, 0x0, 0x0, 0x0, 0x8d, 0x0, 0x0, 0x0,
    0x8d, 0x0, 0x0, 0x0, 0x8d, 0x0, 0x0, 0x0,
    0x8d, 0x0, 0x0, 0x0, 0x8d, 0x0, 0x0, 0x0,
    0x8d, 0x0, 0x0, 0x0, 0x8d, 0x0, 0x0, 0x0,
    0x8d, 0x0, 0x0, 0x0, 0x8d, 0x0, 0x0, 0x0,
    0x8e, 0x66, 0x66, 0x63, 0x8f, 0xff, 0xff, 0xf8,

    /* U+004D "M" */
    0x8f, 0x90, 0x0, 0x0, 0x8, 0xf9, 0x8f, 0xe0,
    0x0, 0x0, 0xe, 0xf9, 0x8f, 0xf4, 0x0, 0x0,
    0x3f, 0xf9, 0x8d, 0xd9, 0x0, 0x0, 0x9e, 0xd9,
    0x8d, 0x8e, 0x0, 0x0, 0xe8, 0xd9, 0x8d, 0x2f,
    0x50, 0x4, 0xf3, 0xd9, 0x8d, 0xd, 0xa0, 0x9,
    0xd0, 0xd9, 0x8d, 0x7, 0xf0, 0xe, 0x80, 0xd9,
    0x8d, 0x2, 0xf5, 0x4f, 0x20, 0xd9, 0x8d, 0x0,
    0xcb, 0xac, 0x0, 0xd9, 0x8d, 0x0, 0x6f, 0xf7,
    0x0, 0xd9, 0x8d, 0x0, 0x1f, 0xf1, 0x0, 0xd9,

    /* U+004E "N" */
    0x8f, 0xa0, 0x0, 0x0, 0xf6, 0x8f, 0xf3, 0x0,
    0x0, 0xf6, 0x8d, 0xbc, 0x0, 0x0, 0xf6, 0x8d,
    0x2f, 0x40, 0x0, 0xf6, 0x8d, 0xa, 0xd0, 0x0,
    0xf6, 0x8d, 0x2, 0xf5, 0x0, 0xf6, 0x8d, 0x0,
    0x9d, 0x0, 0xf6, 0x8d, 0x0, 0x1f, 0x60, 0xf6,
    0x8d, 0x0, 0x7, 0xe0, 0xf6, 0x8d, 0x0, 0x0,
    0xe7, 0xf6, 0x8d, 0x0, 0x0, 0x6f, 0xf6, 0x8d,
    0x0, 0x0, 0xd, 0xf6,

    /* U+004F "O" */
    0x0, 0x6, 0xcf, 0xec, 0x50, 0x0, 0x0, 0xbf,
    0xa7, 0x7c, 0xf8, 0x0, 0x7, 0xf5, 0x0, 0x0,
    0x8f, 0x40, 0xd, 0xb0, 0x0, 0x0, 0xd, 0xb0,
    0x2f, 0x50, 0x0, 0x0, 0x8, 0xf0, 0x3f, 0x30,
    0x0, 0x0, 0x6, 0xf0, 0x3f, 0x30, 0x0, 0x0,
    0x6, 0xf1, 0x2f, 0x50, 0x0, 0x0, 0x8, 0xf0,
    0xe, 0xb0, 0x0, 0x0, 0xd, 0xb0, 0x7, 0xf4,
    0x0, 0x0, 0x7f, 0x40, 0x0, 0xbf, 0xa6, 0x7b,
    0xf9, 0x0, 0x0, 0x6, 0xcf, 0xec, 0x50, 0x0,

    /* U+0050 "P" */
    0x8f, 0xff, 0xfd, 0x91, 0x8, 0xe6, 0x66, 0x8e,
    0xd0, 0x8d, 0x0, 0x0, 0x2f, 0x68, 0xd0, 0x0,
    0x0, 0xe8, 0x8d, 0x0, 0x0, 0x1f, 0x78, 0xd1,
    0x11, 0x3b, 0xf2, 0x8f, 0xff, 0xff, 0xd4, 0x8,
    0xe4, 0x44, 0x20, 0x0, 0x8d, 0x0, 0x0, 0x0,
    0x8, 0xd0, 0x0, 0x0, 0x0, 0x8d, 0x0, 0x0,
    0x0, 0x8, 0xd0, 0x0, 0x0, 0x0,

    /* U+0051 "Q" */
    0x0, 0x6, 0xcf, 0xeb, 0x40, 0x0, 0x0, 0xaf,
    0xb7, 0x8d, 0xf6, 0x0, 0x6, 0xf5, 0x0, 0x0,
    0xaf, 0x20, 0xd, 0xb0, 0x0, 0x0, 0xe, 0x90,
    0x1f, 0x50, 0x0, 0x0, 0xa, 0xd0, 0x3f, 0x30,
    0x0, 0x0, 0x7, 0xf0, 0x3f, 0x30, 0x0, 0x0,
    0x7, 0xf0, 0x1f, 0x50, 0x0, 0x0, 0x9, 0xd0,
    0xd, 0xa0, 0x4, 0x90, 0xe, 0x90, 0x6, 0xf5,
    0x0, 0xca, 0x9f, 0x20, 0x0, 0xaf, 0xa7, 0x8f,
    0xf6, 0x0, 0x0, 0x6, 0xcf, 0xeb, 0xf2, 0x0,
    0x0, 0x0, 0x0, 0x0, 0x9d, 0x0,

    /* U+0052 "R" */
    0x8f, 0xff, 0xfe, 0xa2, 0x8, 0xe6, 0x66, 0x8e,
    0xe1, 0x8d, 0x0, 0x0, 0x2f, 0x78, 0xd0, 0x0,
    0x0, 0xd9, 0x8d, 0x0, 0x0, 0xe, 0x88, 0xd1,
    0x11, 0x2a, 0xe1, 0x8f, 0xff, 0xff, 0xf4, 0x8,
    0xe4, 0x44, 0x5a, 0xf2, 0x8d, 0x0, 0x0, 0xf,
    0x68, 0xd0, 0x0, 0x0, 0xd8, 0x8d, 0x0, 0x0,
    0xc, 0x98, 0xd0, 0x0, 0x0, 0xab,

    /* U+0053 "S" */
    0x0, 0x5c, 0xfe, 0xb3, 0x0, 0x5, 0xfc, 0x78,
    0xdf, 0x30, 0xc, 0xc0, 0x0, 0xd, 0xc0, 0xd,
    0xa0, 0x0, 0x5, 0xb0, 0x9, 0xf6, 0x0, 0x0,
    0x0, 0x0, 0x9f, 0xfb, 0x60, 0x0, 0x0, 0x1,
    0x5a, 0xfe, 0x40, 0x0, 0x0, 0x0, 0x1a, 0xf1,
    0xf, 0x70, 0x0, 0x2, 0xf5, 0xb, 0xd1, 0x0,
    0x4, 0xf3, 0x2, 0xfe, 0x86, 0x8e, 0xc0, 0x0,
    0x2a, 0xef, 0xd8, 0x0,

    /* U+0054 "T" */
    0xdf, 0xff, 0xff, 0xff, 0xa5, 0x66, 0x9f, 0x76,
    0x64, 0x0, 0x4, 0xf1, 0x0, 0x0, 0x0, 0x4f,
    0x10, 0x0, 0x0, 0x4, 0xf1, 0x0, 0x0, 0x0,
    0x4f, 0x10, 0x0, 0x0, 0x4, 0xf1, 0x0, 0x0,
    0x0, 0x4f, 0x10, 0x0, 0x0, 0x4, 0xf1, 0x0,
    0x0, 0x0, 0x4f, 0x10, 0x0, 0x0, 0x4, 0xf1,
    0x0, 0x0, 0x0, 0x4f, 0x10, 0x0,

    /* U+0055 "U" */
    0xc9, 0x0, 0x0, 0x9, 0xcc, 0x90, 0x0, 0x0,
    0x9c, 0xc9, 0x0, 0x0, 0x9, 0xcc, 0x90, 0x0,
    0x0, 0x9c, 0xc9, 0x0, 0x0, 0x9, 0xcc, 0x90,
    0x0, 0x0, 0x9c, 0xc9, 0x0, 0x0, 0x9, 0xcc,
    0x90, 0x0, 0x0, 0x9c, 0xab, 0x0, 0x0, 0xb,
    0xb6, 0xf2, 0x0, 0x2, 0xf6, 0xd, 0xf9, 0x68,
    0xfd, 0x0, 0x8, 0xef, 0xe9, 0x10,

    /* U+0056 "V" */
    0x8f, 0x0, 0x0, 0x0, 0x5f, 0x22, 0xf5, 0x0,
    0x0, 0xa, 0xd0, 0xd, 0xa0, 0x0, 0x0, 0xf7,
    0x0, 0x7f, 0x0, 0x0, 0x5f, 0x20, 0x2, 0xf5,
    0x0, 0xa, 0xc0, 0x0, 0xc, 0xa0, 0x0, 0xf7,
    0x0, 0x0, 0x7f, 0x0, 0x5f, 0x20, 0x0, 0x1,
    0xf5, 0xa, 0xc0, 0x0, 0x0, 0xc, 0xb0, 0xf6,
    0x0, 0x0, 0x0, 0x6f, 0x6f, 0x10, 0x0, 0x0,
    0x1, 0xff, 0xb0, 0x0, 0x0, 0x0, 0xb, 0xf6,
    0x0, 0x0,

    /* U+0057 "W" */
    0x4f, 0x30, 0x0, 0x5f, 0x70, 0x0, 0x2f, 0x60,
    0xf7, 0x0, 0x9, 0xfb, 0x0, 0x5, 0xf2, 0xc,
    0xb0, 0x0, 0xdf, 0xe0, 0x0, 0x9e, 0x0, 0x8e,
    0x0, 0xf, 0x9f, 0x20, 0xd, 0xa0, 0x4, 0xf2,
    0x4, 0xf2, 0xf6, 0x1, 0xf6, 0x0, 0xf, 0x60,
    0x8d, 0xc, 0x90, 0x4f, 0x20, 0x0, 0xca, 0xb,
    0xa0, 0x8d, 0x8, 0xe0, 0x0, 0x8, 0xd0, 0xf6,
    0x4, 0xf1, 0xca, 0x0, 0x0, 0x4f, 0x4f, 0x20,
    0xf, 0x5f, 0x60, 0x0, 0x0, 0xfc, 0xe0, 0x0,
    0xcc, 0xf2, 0x0, 0x0, 0xc, 0xfa, 0x0, 0x9,
    0xfe, 0x0, 0x0, 0x0, 0x8f, 0x60, 0x0, 0x5f,
    0xa0, 0x0,

    /* U+0058 "X" */
    0x6f, 0x30, 0x0, 0x8, 0xf1, 0xc, 0xc0, 0x0,
    0x2f, 0x70, 0x3, 0xf6, 0x0, 0xbd, 0x0, 0x0,
    0x9f, 0x15, 0xf3, 0x0, 0x0, 0xe, 0xbe, 0x90,
    0x0, 0x0, 0x5, 0xfe, 0x10, 0x0, 0x0, 0x5,
    0xff, 0x10, 0x0, 0x0, 0x1e, 0x9e, 0xa0, 0x0,
    0x0, 0x9e, 0x5, 0xf4, 0x0, 0x3, 0xf5, 0x0,
    0xbd, 0x0, 0xd, 0xc0, 0x0, 0x2f, 0x80, 0x7f,
    0x20, 0x0, 0x7, 0xf2,

    /* U+0059 "Y" */
    0xc, 0xc0, 0x0, 0x0, 0x9f, 0x10, 0x3f, 0x50,
    0x0, 0x2f, 0x70, 0x0, 0xad, 0x0, 0xa, 0xd0,
    0x0, 0x2, 0xf7, 0x3, 0xf5, 0x0, 0x0, 0x8,
    0xe1, 0xcc, 0x0, 0x0, 0x0, 0xe, 0xcf, 0x30,
    0x0, 0x0, 0x0, 0x6f, 0xa0, 0x0, 0x0, 0x0,
    0x1, 0xf4, 0x0, 0x0, 0x0, 0x0, 0x1f, 0x40,
    0x0, 0x0, 0x0, 0x1, 0xf4, 0x0, 0x0, 0x0,
    0x0, 0x1f, 0x40, 0x0, 0x0, 0x0, 0x1, 0xf4,
    0x0, 0x0,

    /* U+005A "Z" */
    0x5f, 0xff, 0xff, 0xff, 0x12, 0x66, 0x66, 0x6c,
    0xf0, 0x0, 0x0, 0x3, 0xf6, 0x0, 0x0, 0x0,
    0xdb, 0x0, 0x0, 0x0, 0x8f, 0x20, 0x0, 0x0,
    0x3f, 0x60, 0x0, 0x0, 0xd, 0xb0, 0x0, 0x0,
    0x8, 0xf2, 0x0, 0x0, 0x3, 0xf6, 0x0, 0x0,
    0x0, 0xdb, 0x0, 0x0, 0x0, 0x7f, 0x86, 0x66,
    0x66, 0x18, 0xff, 0xff, 0xff, 0xf4,

    /* U+005B "[" */
    0x8f, 0xff, 0x48, 0xc2, 0x20, 0x8c, 0x0, 0x8,
    0xc0, 0x0, 0x8c, 0x0, 0x8, 0xc0, 0x0, 0x8c,
    0x0, 0x8, 0xc0, 0x0, 0x8c, 0x0, 0x8, 0xc0,
    0x0, 0x8c, 0x0, 0x8, 0xc0, 0x0, 0x8c, 0x0,
    0x8, 0xff, 0xf4, 0x12, 0x22, 0x0,

    /* U+005C "\\" */
    0x27, 0x0, 0x0, 0x0, 0xf3, 0x0, 0x0, 0xb,
    0x90, 0x0, 0x0, 0x6e, 0x0, 0x0, 0x1, 0xf3,
    0x0, 0x0, 0xb, 0x80, 0x0, 0x0, 0x6d, 0x0,
    0x0, 0x1, 0xf3, 0x0, 0x0, 0xc, 0x80, 0x0,
    0x0, 0x6d, 0x0, 0x0, 0x1, 0xf2, 0x0, 0x0,
    0xc, 0x80, 0x0, 0x0, 0x7d, 0x0, 0x0, 0x2,
    0xf2, 0x0, 0x0, 0xc, 0x70,

    /* U+005D "]" */
    0xcf, 0xff, 0x12, 0x25, 0xf1, 0x0, 0x3f, 0x10,
    0x3, 0xf1, 0x0, 0x3f, 0x10, 0x3, 0xf1, 0x0,
    0x3f, 0x10, 0x3, 0xf1, 0x0, 0x3f, 0x10, 0x3,
    0xf1, 0x0, 0x3f, 0x10, 0x3, 0xf1, 0x0, 0x3f,
    0x1c, 0xff, 0xf1, 0x22, 0x22, 0x0,

    /* U+005E "^" */
    0x0, 0xaf, 0x70, 0x0, 0xf, 0xcd, 0x0, 0x6,
    0xe2, 0xf3, 0x0, 0xc8, 0xb, 0x90, 0x2f, 0x20,
    0x5f, 0x0,

    /* U+005F "_" */
    0x1, 0x11, 0x11, 0x11, 0x4, 0xff, 0xff, 0xff,
    0xf3, 0x13, 0x33, 0x33, 0x33, 0x0,

    /* U+0060 "`" */
    0x2, 0x0, 0xd, 0x80, 0x3, 0xe1,

    /* U+0061 "a" */
    0x0, 0x8d, 0xfc, 0x40, 0x0, 0x9f, 0x75, 0xaf,
    0x30, 0xc, 0x60, 0x0, 0xc9, 0x0, 0x0, 0x2,
    0x5d, 0xb0, 0x2, 0xbf, 0xfc, 0xdb, 0x1, 0xe9,
    0x20, 0xa, 0xb0, 0x4f, 0x20, 0x1, 0xfb, 0x1,
    0xfc, 0x78, 0xed, 0xe3, 0x5, 0xdf, 0xd6, 0x3e,
    0x70,

    /* U+0062 "b" */
    0xba, 0x0, 0x0, 0x0, 0xba, 0x0, 0x0, 0x0,
    0xba, 0x0, 0x0, 0x0, 0xba, 0x7e, 0xfb, 0x20,
    0xbe, 0xe7, 0x6d, 0xe1, 0xbf, 0x20, 0x1, 0xf7,
    0xbc, 0x0, 0x0, 0xbb, 0xba, 0x0, 0x0, 0xac,
    0xbc, 0x0, 0x0, 0xbb, 0xbf, 0x20, 0x1, 0xf7,
    0xbe, 0xe7, 0x6d, 0xe1, 0xb8, 0x8e, 0xfb, 0x20,

    /* U+0063 "c" */
    0x0, 0x5d, 0xfd, 0x70, 0x0, 0x6f, 0xa6, 0x8f,
    0x90, 0xe, 0x90, 0x0, 0x7f, 0x3, 0xf3, 0x0,
    0x0, 0x10, 0x4f, 0x20, 0x0, 0x0, 0x3, 0xf3,
    0x0, 0x0, 0x30, 0xe, 0x90, 0x0, 0x7f, 0x0,
    0x6f, 0xa5, 0x8f, 0x70, 0x0, 0x6d, 0xfd, 0x70,
    0x0,

    /* U+0064 "d" */
    0x0, 0x0, 0x0, 0x1f, 0x30, 0x0, 0x0, 0x1,
    0xf3, 0x0, 0x0, 0x0, 0x1f, 0x30, 0x7, 0xef,
    0xb4, 0xf3, 0x8, 0xfa, 0x69, 0xef, 0x30, 0xf9,
    0x0, 0x9, 0xf3, 0x3f, 0x30, 0x0, 0x3f, 0x34,
    0xf2, 0x0, 0x2, 0xf3, 0x3f, 0x30, 0x0, 0x3f,
    0x30, 0xf9, 0x0, 0x9, 0xf3, 0x8, 0xfa, 0x69,
    0xef, 0x30, 0x7, 0xef, 0xc2, 0xf3,

    /* U+0065 "e" */
    0x0, 0x6d, 0xfd, 0x50, 0x0, 0x6f, 0x96, 0x9f,
    0x50, 0xe, 0x90, 0x0, 0x9e, 0x3, 0xf3, 0x0,
    0x4, 0xf2, 0x4f, 0xff, 0xff, 0xff, 0x33, 0xf5,
    0x33, 0x33, 0x30, 0xe, 0x70, 0x0, 0x48, 0x0,
    0x6f, 0x95, 0x7f, 0x90, 0x0, 0x6d, 0xfd, 0x70,
    0x0,

    /* U+0066 "f" */
    0x0, 0x3d, 0xfb, 0x0, 0xcc, 0x42, 0x0, 0xe7,
    0x0, 0xf, 0xff, 0xf9, 0x3, 0xe9, 0x32, 0x0,
    0xe7, 0x0, 0x0, 0xe7, 0x0, 0x0, 0xe7, 0x0,
    0x0, 0xe7, 0x0, 0x0, 0xe7, 0x0, 0x0, 0xe7,
    0x0, 0x0, 0xe7, 0x0,

    /* U+0067 "g" */
    0x0, 0x7d, 0xfc, 0x3f, 0x30, 0x8f, 0x96, 0x9e,
    0xf3, 0xf, 0x80, 0x0, 0x8f, 0x33, 0xf3, 0x0,
    0x3, 0xf3, 0x4f, 0x20, 0x0, 0x2f, 0x31, 0xf6,
    0x0, 0x6, 0xf3, 0xa, 0xe5, 0x15, 0xef, 0x30,
    0xa, 0xff, 0xf7, 0xf3, 0x5, 0x21, 0x30, 0x4f,
    0x10, 0xae, 0x75, 0x7e, 0xb0, 0x0, 0x8d, 0xfd,
    0x81, 0x0,

    /* U+0068 "h" */
    0xba, 0x0, 0x0, 0x0, 0xba, 0x0, 0x0, 0x0,
    0xba, 0x0, 0x0, 0x0, 0xba, 0x7e, 0xea, 0x0,
    0xbe, 0xb4, 0x6f, 0x90, 0xbe, 0x0, 0x8, 0xe0,
    0xba, 0x0, 0x5, 0xf0, 0xba, 0x0, 0x5, 0xf0,
    0xba, 0x0, 0x5, 0xf0, 0xba, 0x0, 0x5, 0xf0,
    0xba, 0x0, 0x5, 0xf0, 0xba, 0x0, 0x5, 0xf0,

    /* U+0069 "i" */
    0xca, 0x76, 0x0, 0xba, 0xba, 0xba, 0xba, 0xba,
    0xba, 0xba, 0xba, 0xba,

    /* U+006A "j" */
    0x0, 0x8e, 0x0, 0x59, 0x0, 0x0, 0x0, 0x7e,
    0x0, 0x7e, 0x0, 0x7e, 0x0, 0x7e, 0x0, 0x7e,
    0x0, 0x7e, 0x0, 0x7e, 0x0, 0x7e, 0x0, 0x7d,
    0x3, 0xbc, 0x1f, 0xe5,

    /* U+006B "k" */
    0xba, 0x0, 0x0, 0x0, 0xba, 0x0, 0x0, 0x0,
    0xba, 0x0, 0x0, 0x0, 0xba, 0x0, 0xa, 0xf2,
    0xba, 0x0, 0x8f, 0x40, 0xba, 0x6, 0xf5, 0x0,
    0xba, 0x4f, 0x80, 0x0, 0xbc, 0xef, 0xa0, 0x0,
    0xbf, 0xa4, 0xf5, 0x0, 0xbc, 0x0, 0x9e, 0x10,
    0xba, 0x0, 0xe, 0xa0, 0xba, 0x0, 0x4, 0xf5,

    /* U+006C "l" */
    0xba, 0xb, 0xa0, 0xba, 0xb, 0xa0, 0xba, 0xb,
    0xa0, 0xba, 0xb, 0xa0, 0xba, 0xb, 0xa0, 0xac,
    0x34, 0xee,

    /* U+006D "m" */
    0xb8, 0x8e, 0xe8, 0x9, 0xfe, 0x80, 0xbe, 0x71,
    0x5f, 0xc8, 0x15, 0xf5, 0xbd, 0x0, 0xc, 0xd0,
    0x0, 0xba, 0xba, 0x0, 0xa, 0xb0, 0x0, 0x9b,
    0xba, 0x0, 0xa, 0xb0, 0x0, 0x9c, 0xba, 0x0,
    0xa, 0xb0, 0x0, 0x9c, 0xba, 0x0, 0xa, 0xb0,
    0x0, 0x9c, 0xba, 0x0, 0xa, 0xb0, 0x0, 0x9c,
    0xba, 0x0, 0xa, 0xb0, 0x0, 0x9c,

    /* U+006E "n" */
    0xb8, 0x8e, 0xfa, 0x0, 0xbe, 0x81, 0x3e, 0x90,
    0xbd, 0x0, 0x7, 0xe0, 0xba, 0x0, 0x5, 0xf0,
    0xba, 0x0, 0x5, 0xf0, 0xba, 0x0, 0x5, 0xf0,
    0xba, 0x0, 0x5, 0xf0, 0xba, 0x0, 0x5, 0xf0,
    0xba, 0x0, 0x5, 0xf0,

    /* U+006F "o" */
    0x0, 0x6d, 0xfd, 0x70, 0x0, 0x6f, 0xa6, 0x8f,
    0x90, 0xe, 0x90, 0x0, 0x7f, 0x13, 0xf3, 0x0,
    0x1, 0xf5, 0x4f, 0x20, 0x0, 0xf, 0x73, 0xf3,
    0x0, 0x1, 0xf5, 0xe, 0x90, 0x0, 0x7f, 0x10,
    0x6f, 0xa6, 0x8f, 0x90, 0x0, 0x6d, 0xfd, 0x70,
    0x0,

    /* U+0070 "p" */
    0xb8, 0x8e, 0xfb, 0x20, 0xbf, 0xb3, 0x3b, 0xe1,
    0xbf, 0x0, 0x0, 0xf7, 0xbb, 0x0, 0x0, 0xbb,
    0xba, 0x0, 0x0, 0xac, 0xbc, 0x0, 0x0, 0xbb,
    0xbf, 0x20, 0x1, 0xf7, 0xbf, 0xe6, 0x6d, 0xe1,
    0xba, 0x8e, 0xfb, 0x20, 0xba, 0x0, 0x0, 0x0,
    0xba, 0x0, 0x0, 0x0,

    /* U+0071 "q" */
    0x0, 0x7d, 0xfc, 0x3f, 0x30, 0x7f, 0x96, 0x9e,
    0xf3, 0xe, 0x90, 0x0, 0x9f, 0x33, 0xf3, 0x0,
    0x3, 0xf3, 0x4f, 0x20, 0x0, 0x2f, 0x33, 0xf3,
    0x0, 0x3, 0xf3, 0xe, 0x90, 0x0, 0x9f, 0x30,
    0x7f, 0x96, 0x9f, 0xf3, 0x0, 0x7d, 0xfc, 0x4f,
    0x30, 0x0, 0x0, 0x1, 0xf3, 0x0, 0x0, 0x0,
    0x1f, 0x30,

    /* U+0072 "r" */
    0xb8, 0xbf, 0x5b, 0xea, 0x51, 0xbd, 0x0, 0xb,
    0xa0, 0x0, 0xba, 0x0, 0xb, 0xa0, 0x0, 0xba,
    0x0, 0xb, 0xa0, 0x0, 0xba, 0x0, 0x0,

    /* U+0073 "s" */
    0x1, 0x9e, 0xfc, 0x40, 0xa, 0xe7, 0x5b, 0xf2,
    0xe, 0x80, 0x0, 0xc6, 0xc, 0xc3, 0x0, 0x0,
    0x2, 0xbf, 0xfb, 0x50, 0x0, 0x0, 0x49, 0xf5,
    0x2f, 0x40, 0x0, 0xe8, 0xc, 0xe7, 0x59, 0xf4,
    0x1, 0x9e, 0xfd, 0x60,

    /* U+0074 "t" */
    0x0, 0xe7, 0x0, 0x0, 0xe7, 0x0, 0x2f, 0xff,
    0xfb, 0x3, 0xe9, 0x32, 0x0, 0xe7, 0x0, 0x0,
    0xe7, 0x0, 0x0, 0xe7, 0x0, 0x0, 0xe7, 0x0,
    0x0, 0xd7, 0x0, 0x0, 0xbc, 0x42, 0x0, 0x3d,
    0xfb,

    /* U+0075 "u" */
    0xba, 0x0, 0x6, 0xeb, 0xa0, 0x0, 0x6e, 0xba,
    0x0, 0x6, 0xeb, 0xa0, 0x0, 0x6e, 0xba, 0x0,
    0x6, 0xeb, 0xa0, 0x0, 0x7e, 0x9c, 0x0, 0xb,
    0xe4, 0xf8, 0x49, 0xee, 0x7, 0xef, 0xa6, 0xe0,

    /* U+0076 "v" */
    0x7f, 0x0, 0x0, 0x6f, 0x12, 0xf5, 0x0, 0xb,
    0xb0, 0xc, 0xa0, 0x1, 0xf5, 0x0, 0x7f, 0x0,
    0x6f, 0x0, 0x1, 0xf4, 0xb, 0xa0, 0x0, 0xc,
    0x91, 0xf5, 0x0, 0x0, 0x6e, 0x6f, 0x0, 0x0,
    0x1, 0xfe, 0xa0, 0x0, 0x0, 0xb, 0xf4, 0x0,
    0x0,

    /* U+0077 "w" */
    0x7f, 0x0, 0x4, 0xf6, 0x0, 0xd, 0x93, 0xf3,
    0x0, 0x9f, 0xa0, 0x1, 0xf4, 0xe, 0x70, 0xd,
    0xce, 0x0, 0x6f, 0x0, 0xac, 0x1, 0xf4, 0xf3,
    0xa, 0xb0, 0x5, 0xf0, 0x6e, 0xc, 0x70, 0xe6,
    0x0, 0x1f, 0x4a, 0x90, 0x8b, 0x3f, 0x20, 0x0,
    0xc8, 0xe5, 0x4, 0xf7, 0xd0, 0x0, 0x7, 0xef,
    0x10, 0xf, 0xe8, 0x0, 0x0, 0x2f, 0xc0, 0x0,
    0xbf, 0x40, 0x0,

    /* U+0078 "x" */
    0xb, 0xc0, 0x0, 0x7f, 0x20, 0x2f, 0x70, 0x2f,
    0x70, 0x0, 0x6f, 0x2b, 0xc0, 0x0, 0x0, 0xbe,
    0xf2, 0x0, 0x0, 0x4, 0xfb, 0x0, 0x0, 0x0,
    0xdb, 0xf4, 0x0, 0x0, 0x9e, 0x19, 0xe0, 0x0,
    0x3f, 0x50, 0xd, 0x90, 0xd, 0xa0, 0x0, 0x4f,
    0x40,

    /* U+0079 "y" */
    0x7f, 0x0, 0x0, 0x6f, 0x12, 0xf5, 0x0, 0xb,
    0xb0, 0xc, 0xa0, 0x0, 0xf5, 0x0, 0x7f, 0x0,
    0x5f, 0x0, 0x1, 0xf5, 0xa, 0xa0, 0x0, 0xc,
    0xa0, 0xf4, 0x0, 0x0, 0x6f, 0x4e, 0x0, 0x0,
    0x1, 0xfd, 0x90, 0x0, 0x0, 0xb, 0xf3, 0x0,
    0x0, 0x13, 0x8d, 0x0, 0x0, 0x5, 0xfe, 0x40,
    0x0, 0x0,

    /* U+007A "z" */
    0xf, 0xff, 0xff, 0xfa, 0x3, 0x33, 0x35, 0xf7,
    0x0, 0x0, 0x1d, 0xb0, 0x0, 0x0, 0xbd, 0x0,
    0x0, 0x9, 0xe1, 0x0, 0x0, 0x6f, 0x30, 0x0,
    0x4, 0xf5, 0x0, 0x0, 0x1f, 0xb3, 0x33, 0x32,
    0x3f, 0xff, 0xff, 0xfc,

    /* U+007B "{" */
    0x0, 0x0, 0x0, 0x0, 0x9, 0xff, 0x0, 0x6f,
    0x74, 0x0, 0x9a, 0x0, 0x0, 0xaa, 0x0, 0x0,
    0xb9, 0x0, 0x5, 0xf4, 0x0, 0x4f, 0x60, 0x0,
    0x19, 0xe1, 0x0, 0x0, 0xd7, 0x0, 0x0, 0xa9,
    0x0, 0x0, 0xaa, 0x0, 0x0, 0x9a, 0x0, 0x0,
    0x5f, 0x41, 0x0, 0xa, 0xff, 0x0, 0x0, 0x23,

    /* U+007C "|" */
    0x46, 0x8c, 0x8c, 0x8c, 0x8c, 0x8c, 0x8c, 0x8c,
    0x8c, 0x8c, 0x8c, 0x8c, 0x8c, 0x8c, 0x8c,

    /* U+007D "}" */
    0x0, 0x0, 0x0, 0xcf, 0xb1, 0x0, 0x36, 0xe9,
    0x0, 0x0, 0x7d, 0x0, 0x0, 0x6d, 0x0, 0x0,
    0x5f, 0x0, 0x0, 0x1f, 0x81, 0x0, 0x3, 0xe8,
    0x0, 0xc, 0xb2, 0x0, 0x4f, 0x10, 0x0, 0x6e,
    0x0, 0x0, 0x6d, 0x0, 0x0, 0x7c, 0x0, 0x3,
    0xd9, 0x0, 0xcf, 0xd1, 0x0, 0x22, 0x0, 0x0,

    /* U+007E "~" */
    0x0, 0x0, 0x0, 0x0, 0x6, 0xfd, 0x10, 0x9a,
    0x1f, 0x6a, 0xc2, 0xd7, 0x4f, 0x0, 0xbf, 0xd1,
    0x13, 0x0, 0x2, 0x0,

    /* U+00A0 " " */

    /* U+00A1 "¡" */
    0x3f, 0x92, 0xe8, 0x4, 0x10, 0xb4, 0xc, 0x50,
    0xd6, 0xe, 0x60, 0xe7, 0xe, 0x70, 0xe7, 0xe,
    0x70,

    /* U+00A2 "¢" */
    0x0, 0x0, 0xa7, 0x0, 0x0, 0x2, 0x9e, 0xa2,
    0x0, 0x3, 0xfd, 0xfd, 0xf4, 0x0, 0xdb, 0xe,
    0x39, 0xe0, 0x2f, 0x40, 0xf1, 0x14, 0x4, 0xf2,
    0x1f, 0x0, 0x0, 0x3f, 0x22, 0xf0, 0x0, 0x1,
    0xf7, 0x4d, 0x5, 0xe0, 0xa, 0xf9, 0xc4, 0xea,
    0x0, 0x1c, 0xff, 0xfb, 0x10, 0x0, 0x9, 0xb1,
    0x0, 0x0, 0x0, 0x98, 0x0, 0x0,

    /* U+00A3 "£" */
    0x0, 0x6, 0xdf, 0xd6, 0x0, 0x0, 0x6f, 0xa7,
    0xcf, 0x60, 0x0, 0xdb, 0x0, 0xd, 0xd0, 0x0,
    0xf6, 0x0, 0x1, 0x20, 0x0, 0xe7, 0x0, 0x0,
    0x0, 0x0, 0xbb, 0x0, 0x0, 0x0, 0x2f, 0xff,
    0xff, 0xa0, 0x0, 0x3, 0x6f, 0x33, 0x20, 0x0,
    0x0, 0x5d, 0x0, 0x0, 0x0, 0x0, 0xc7, 0x0,
    0x0, 0x0, 0xc, 0xd7, 0x77, 0x77, 0x50, 0x1f,
    0xff, 0xff, 0xff, 0xd0,

    /* U+00A4 "¤" */
    0xa, 0x20, 0x0, 0x2, 0xa0, 0xc, 0xe9, 0xee,
    0x9e, 0xb0, 0x0, 0xec, 0x44, 0xde, 0x0, 0x3,
    0xf1, 0x0, 0x1f, 0x20, 0x5, 0xc0, 0x0, 0xc,
    0x50, 0x3, 0xe0, 0x0, 0xe, 0x30, 0x0, 0xea,
    0x11, 0xae, 0x0, 0xa, 0xfc, 0xff, 0xcf, 0x90,
    0x1d, 0x30, 0x11, 0x3, 0xc1, 0x0, 0x0, 0x0,
    0x0, 0x0,

    /* U+00A5 "¥" */
    0xc, 0xc0, 0x0, 0x0, 0x9f, 0x10, 0x4f, 0x50,
    0x0, 0x2f, 0x70, 0x0, 0xbd, 0x0, 0xa, 0xe0,
    0x0, 0x2, 0xf6, 0x2, 0xf6, 0x0, 0x0, 0x9,
    0xe0, 0xbd, 0x0, 0x0, 0x0, 0x2f, 0xaf, 0x51,
    0x0, 0x0, 0x9f, 0xff, 0xff, 0xfa, 0x0, 0x2,
    0x45, 0xf8, 0x44, 0x30, 0x0, 0x9f, 0xff, 0xff,
    0xfa, 0x0, 0x2, 0x34, 0xf7, 0x33, 0x20, 0x0,
    0x0, 0x1f, 0x40, 0x0, 0x0, 0x0, 0x1, 0xf4,
    0x0, 0x0,

    /* U+00A6 "¦" */
    0x8c, 0x8c, 0x8c, 0x8c, 0x8c, 0x7a, 0x0, 0x0,
    0x7a, 0x8c, 0x8c, 0x8c, 0x8c, 0x8c,

    /* U+00A7 "§" */
    0x0, 0x7d, 0xfd, 0x60, 0x7, 0xf8, 0x59, 0xf5,
    0xc, 0xa0, 0x0, 0x9a, 0x8, 0xf7, 0x10, 0x0,
    0x0, 0xbf, 0xfc, 0x60, 0x8, 0xd4, 0x37, 0xe8,
    0xc, 0x80, 0x0, 0x6d, 0x9, 0xd3, 0x0, 0xbb,
    0x0, 0x8e, 0xff, 0xe1, 0x0, 0x0, 0x39, 0xf7,
    0xc, 0x40, 0x0, 0x9d, 0xb, 0xe4, 0x13, 0xdb,
    0x1, 0xbf, 0xff, 0xc1, 0x0, 0x1, 0x32, 0x0,

    /* U+00A8 "¨" */
    0x3a, 0x15, 0x94, 0xf1, 0x8e,

    /* U+00A9 "©" */
    0x0, 0x0, 0x0, 0x0, 0x0, 0x0, 0x0, 0x0,
    0x29, 0xef, 0xfb, 0x40, 0x0, 0x0, 0x4f, 0xd6,
    0x45, 0xbf, 0x70, 0x0, 0x2f, 0x90, 0x0, 0x0,
    0x5f, 0x60, 0xb, 0xc0, 0x3c, 0xfe, 0x60, 0x8e,
    0x1, 0xf4, 0x2f, 0x93, 0x6f, 0x51, 0xf4, 0x3f,
    0x17, 0xd0, 0x0, 0x33, 0xd, 0x73, 0xf1, 0x8c,
    0x0, 0x2, 0x20, 0xd7, 0x1f, 0x43, 0xf6, 0x3,
    0xe7, 0xf, 0x50, 0xca, 0x6, 0xff, 0xf9, 0x6,
    0xf1, 0x4, 0xf6, 0x0, 0x21, 0x3, 0xf8, 0x0,
    0x7, 0xfa, 0x31, 0x38, 0xfb, 0x0, 0x0, 0x4,
    0xdf, 0xff, 0xe7, 0x0, 0x0, 0x0, 0x0, 0x13,
    0x20, 0x0, 0x0,

    /* U+00AA "ª" */
    0x7, 0xef, 0xb0, 0x1a, 0x42, 0xf6, 0x6, 0xbc,
    0xf7, 0x4f, 0x22, 0xf7, 0x2e, 0xfd, 0xae, 0x0,
    0x10, 0x0,

    /* U+00AB "«" */
    0x0, 0x3a, 0x31, 0x95, 0x1, 0xea, 0xc, 0xd0,
    0xc, 0xc0, 0x9e, 0x20, 0x4f, 0x10, 0xf4, 0x0,
    0x2f, 0x80, 0xdb, 0x0, 0x4, 0xf5, 0x2e, 0x90,
    0x0, 0x7f, 0x34, 0xf6,

    /* U+00AC "¬" */
    0x0, 0x0, 0x0, 0x0, 0x5f, 0xff, 0xff, 0xf5,
    0x13, 0x33, 0x33, 0xd5, 0x0, 0x0, 0x0, 0xd5,
    0x0, 0x0, 0x0, 0xd5, 0x0, 0x0, 0x0, 0x21,

    /* U+00AE "®" */
    0x0, 0x2a, 0xef, 0xb3, 0x0, 0x2, 0xe6, 0x0,
    0x4d, 0x40, 0xc, 0x49, 0xcc, 0x52, 0xd0, 0x2c,
    0xa, 0x31, 0xd0, 0xa4, 0x4a, 0xa, 0xce, 0x50,
    0x86, 0x2c, 0xa, 0x3a, 0x40, 0xa4, 0xc, 0x49,
    0x32, 0xb2, 0xd0, 0x2, 0xd6, 0x0, 0x4d, 0x40,
    0x0, 0x1a, 0xee, 0xb2, 0x0,

    /* U+00AF "¯" */
    0x0, 0x0, 0x4, 0xff, 0xff, 0x3, 0x33, 0x20,

    /* U+00B0 "°" */
    0x3, 0xdf, 0x90, 0x1f, 0x74, 0xd7, 0x4e, 0x0,
    0x7b, 0x2f, 0x41, 0xc9, 0x6, 0xff, 0xc1, 0x0,
    0x12, 0x0,

    /* U+00B1 "±" */
    0x0, 0x2, 0x80, 0x0, 0x0, 0x5, 0xe0, 0x0,
    0x0, 0x5, 0xe0, 0x0, 0x0, 0x5, 0xe0, 0x0,
    0x5f, 0xff, 0xff, 0xff, 0x13, 0x37, 0xf3, 0x33,
    0x0, 0x5, 0xe0, 0x0, 0x0, 0x5, 0xe0, 0x0,
    0x13, 0x33, 0x33, 0x33, 0x5f, 0xff, 0xff, 0xff,

    /* U+00B2 "²" */
    0x8, 0xee, 0x53, 0xd0, 0x4d, 0x0, 0x8, 0xa0,
    0x3c, 0x80, 0x1e, 0x20, 0x5, 0xfe, 0xed,

    /* U+00B3 "³" */
    0x2c, 0xfd, 0x23, 0x40, 0xa7, 0x0, 0xdd, 0x10,
    0x0, 0x6b, 0x77, 0x6, 0xb2, 0xde, 0xc2,

    /* U+00B4 "´" */
    0x0, 0x20, 0x8, 0xd0, 0x1e, 0x30,

    /* U+00B5 "µ" */
    0x22, 0x0, 0x1, 0x3b, 0xa0, 0x0, 0x6e, 0xba,
    0x0, 0x6, 0xeb, 0xa0, 0x0, 0x6e, 0xba, 0x0,
    0x6, 0xeb, 0xa0, 0x0, 0x6e, 0xbc, 0x0, 0x9,
    0xeb, 0xf6, 0x27, 0xee, 0xbe, 0xef, 0xa6, 0xeb,
    0xa0, 0x0, 0x0, 0xba, 0x0, 0x0, 0x0,

    /* U+00B6 "¶" */
    0x0, 0x8e, 0xff, 0xff, 0x10, 0xbf, 0xff, 0xc6,
    0xf1, 0x2f, 0xff, 0xfb, 0x3f, 0x14, 0xff, 0xff,
    0xb3, 0xf1, 0x1f, 0xff, 0xfb, 0x3f, 0x10, 0x9f,
    0xff, 0xb3, 0xf1, 0x0, 0x6b, 0xeb, 0x3f, 0x10,
    0x0, 0x9, 0xb3, 0xf1, 0x0, 0x0, 0x9b, 0x3f,
    0x10, 0x0, 0x9, 0xb3, 0xf1, 0x0, 0x0, 0x9b,
    0x3f, 0x10, 0x0, 0x9, 0xb3, 0xf1,

    /* U+00B7 "·" */
    0x4e, 0x74, 0xf8,

    /* U+00B8 "¸" */
    0x0, 0xd2, 0x0, 0x8, 0xe2, 0x18, 0xb, 0x50,
    0xae, 0xb0,

    /* U+00B9 "¹" */
    0x1, 0xd8, 0xee, 0x2, 0xe0, 0x2e, 0x2, 0xe0,
    0x2e,

    /* U+00BA "º" */
    0x5, 0xdf, 0xc2, 0x2, 0xf6, 0x1a, 0xc0, 0x5f,
    0x0, 0x5f, 0x2, 0xf4, 0x9, 0xd0, 0x7, 0xff,
    0xd3, 0x0, 0x0, 0x10, 0x0,

    /* U+00BB "»" */
    0x1a, 0x50, 0x87, 0x0, 0x6, 0xf3, 0x3f, 0x70,
    0x0, 0x9e, 0x25, 0xf4, 0x0, 0xd, 0x80, 0x9b,
    0x0, 0x5f, 0x52, 0xe8, 0x2, 0xf8, 0xd, 0xb0,
    0x1e, 0xa0, 0xbd, 0x10,

    /* U+00BC "¼" */
    0x0, 0xd0, 0x0, 0x0, 0x3f, 0x20, 0x4, 0xe0,
    0x0, 0x0, 0xc7, 0x0, 0x9e, 0xe0, 0x0, 0x7,
    0xc0, 0x0, 0x2, 0xe0, 0x0, 0x2f, 0x20, 0x0,
    0x2, 0xe0, 0x0, 0xc7, 0x0, 0x0, 0x2, 0xe0,
    0x7, 0xd0, 0x4, 0x30, 0x1, 0x60, 0x2f, 0x30,
    0x1f, 0x80, 0x0, 0x0, 0xb8, 0x0, 0xbc, 0x80,
    0x0, 0x6, 0xd0, 0x5, 0xa8, 0x80, 0x0, 0x1e,
    0x30, 0x1d, 0x18, 0x80, 0x0, 0xb9, 0x0, 0x6f,
    0xff, 0xf5, 0x5, 0xd0, 0x0, 0x0, 0x8, 0x80,

    /* U+00BD "½" */
    0x0, 0x30, 0x0, 0x0, 0x3, 0x10, 0x0, 0xd,
    0x0, 0x0, 0x5, 0xe0, 0x0, 0x5, 0xe0, 0x0,
    0x1, 0xe4, 0x0, 0x9, 0xee, 0x0, 0x0, 0x9a,
    0x0, 0x0, 0x2, 0xe0, 0x0, 0x4e, 0x10, 0x0,
    0x0, 0x2e, 0x0, 0xd, 0x60, 0x0, 0x0, 0x2,
    0xe0, 0x8, 0xb0, 0x4e, 0xe7, 0x0, 0x2, 0x3,
    0xf2, 0xe, 0x65, 0xf1, 0x0, 0x0, 0xc7, 0x0,
    0x30, 0xf, 0x10, 0x0, 0x7c, 0x0, 0x0, 0x2c,
    0x80, 0x0, 0x2f, 0x30, 0x0, 0x5e, 0x50, 0x0,
    0xb, 0x80, 0x0, 0xe, 0x30, 0x0, 0x5, 0xd0,
    0x0, 0x1, 0xff, 0xff, 0x10,

    /* U+00BE "¾" */
    0xb, 0xfb, 0x10, 0x0, 0x5, 0xd0, 0x6, 0xa0,
    0xb7, 0x0, 0x1, 0xe4, 0x0, 0x0, 0xa, 0x60,
    0x0, 0xa9, 0x0, 0x0, 0xe, 0xd1, 0x0, 0x5e,
    0x0, 0x0, 0x0, 0x6, 0xb0, 0x1e, 0x40, 0x0,
    0x7, 0x70, 0x6b, 0xa, 0xa0, 0x0, 0x0, 0x2c,
    0xec, 0x24, 0xe1, 0x1, 0xe5, 0x0, 0x0, 0x0,
    0xe5, 0x0, 0xbe, 0x50, 0x0, 0x0, 0x9a, 0x0,
    0x68, 0xb5, 0x0, 0x0, 0x4e, 0x10, 0x2c, 0xb,
    0x50, 0x0, 0xd, 0x50, 0x9, 0xff, 0xff, 0x20,
    0x9, 0xb0, 0x0, 0x0, 0xb, 0x50,

    /* U+00BF "¿" */
    0x0, 0x5, 0xf7, 0x0, 0x0, 0x0, 0x5e, 0x60,
    0x0, 0x0, 0x0, 0x0, 0x0, 0x0, 0x0, 0x2a,
    0x10, 0x0, 0x0, 0x6, 0xf1, 0x0, 0x0, 0x4,
    0xea, 0x0, 0x0, 0x6, 0xf8, 0x0, 0x0, 0x1,
    0xf7, 0x0, 0x0, 0x0, 0x4f, 0x20, 0x0, 0x3c,
    0x12, 0xf5, 0x0, 0xa, 0xe0, 0xb, 0xf8, 0x6b,
    0xf5, 0x0, 0x9, 0xef, 0xc5, 0x0,

    /* U+00C0 "À" */
    0x0, 0x4, 0xf2, 0x0, 0x0, 0x0, 0x0, 0x9,
    0xa0, 0x0, 0x0, 0x0, 0x0, 0x1, 0x0, 0x0,
    0x0, 0x0, 0xc, 0xf6, 0x0, 0x0, 0x0, 0x1,
    0xfc, 0xc0, 0x0, 0x0, 0x0, 0x7e, 0x3f, 0x10,
    0x0, 0x0, 0xc, 0x90, 0xe7, 0x0, 0x0, 0x1,
    0xf3, 0x8, 0xc0, 0x0, 0x0, 0x7e, 0x0, 0x3f,
    0x20, 0x0, 0xc, 0x91, 0x11, 0xe7, 0x0, 0x2,
    0xff, 0xff, 0xff, 0xd0, 0x0, 0x7e, 0x44, 0x44,
    0x6f, 0x20, 0xd, 0x90, 0x0, 0x0, 0xe8, 0x2,
    0xf4, 0x0, 0x0, 0x9, 0xd0, 0x8f, 0x0, 0x0,
    0x0, 0x4f, 0x30,

    /* U+00C1 "Á" */
    0x0, 0x0, 0x7, 0xe1, 0x0, 0x0, 0x0, 0x0,
    0xe4, 0x0, 0x0, 0x0, 0x0, 0x1, 0x0, 0x0,
    0x0, 0x0, 0xc, 0xf6, 0x0, 0x0, 0x0, 0x1,
    0xfc, 0xc0, 0x0, 0x0, 0x0, 0x7e, 0x3f, 0x10,
    0x0, 0x0, 0xc, 0x90, 0xe7, 0x0, 0x0, 0x1,
    0xf3, 0x8, 0xc0, 0x0, 0x0, 0x7e, 0x0, 0x3f,
    0x20, 0x0, 0xc, 0x91, 0x11, 0xe7, 0x0, 0x2,
    0xff, 0xff, 0xff, 0xd0, 0x0, 0x7e, 0x44, 0x44,
    0x6f, 0x20, 0xd, 0x90, 0x0, 0x0, 0xe8, 0x2,
    0xf4, 0x0, 0x0, 0x9, 0xd0, 0x8f, 0x0, 0x0,
    0x0, 0x4f, 0x30,

    /* U+00C2 "Â" */
    0x0, 0x0, 0xce, 0x70, 0x0, 0x0, 0x0, 0x7a,
    0x1d, 0x30, 0x0, 0x0, 0x0, 0x0, 0x0, 0x0,
    0x0, 0x0, 0xc, 0xf6, 0x0, 0x0, 0x0, 0x1,
    0xfc, 0xc0, 0x0, 0x0, 0x0, 0x7e, 0x3f, 0x10,
    0x0, 0x0, 0xc, 0x90, 0xe7, 0x0, 0x0, 0x1,
    0xf3, 0x8, 0xc0, 0x0, 0x0, 0x7e, 0x0, 0x3f,
    0x20, 0x0, 0xc, 0x91, 0x11, 0xe7, 0x0, 0x2,
    0xff, 0xff, 0xff, 0xd0, 0x0, 0x7e, 0x44, 0x44,
    0x6f, 0x20, 0xd, 0x90, 0x0, 0x0, 0xe8, 0x2,
    0xf4, 0x0, 0x0, 0x9, 0xd0, 0x8f, 0x0, 0x0,
    0x0, 0x4f, 0x30,

    /* U+00C3 "Ã" */
    0x0, 0x9, 0xe6, 0x1b, 0x0, 0x0, 0x1, 0xb1,
    0xae, 0x40, 0x0, 0x0, 0x0, 0x0, 0x0, 0x0,
    0x0, 0x0, 0xc, 0xf6, 0x0, 0x0, 0x0, 0x1,
    0xfc, 0xc0, 0x0, 0x0, 0x0, 0x7e, 0x3f, 0x10,
    0x0, 0x0, 0xc, 0x90, 0xe7, 0x0, 0x0, 0x1,
    0xf3, 0x8, 0xc0, 0x0, 0x0, 0x7e, 0x0, 0x3f,
    0x20, 0x0, 0xc, 0x91, 0x11, 0xe7, 0x0, 0x2,
    0xff, 0xff, 0xff, 0xd0, 0x0, 0x7e, 0x44, 0x44,
    0x6f, 0x20, 0xd, 0x90, 0x0, 0x0, 0xe8, 0x2,
    0xf4, 0x0, 0x0, 0x9, 0xd0, 0x8f, 0x0, 0x0,
    0x0, 0x4f, 0x30,

    /* U+00C4 "Ä" */
    0x0, 0x7, 0x60, 0x94, 0x0, 0x0, 0x0, 0xca,
    0xf, 0x70, 0x0, 0x0, 0x0, 0x0, 0x0, 0x0,
    0x0, 0x0, 0xc, 0xf6, 0x0, 0x0, 0x0, 0x1,
    0xfc, 0xc0, 0x0, 0x0, 0x0, 0x7e, 0x3f, 0x10,
    0x0, 0x0, 0xc, 0x90, 0xe7, 0x0, 0x0, 0x1,
    0xf3, 0x8, 0xc0, 0x0, 0x0, 0x7e, 0x0, 0x3f,
    0x20, 0x0, 0xc, 0x91, 0x11, 0xe7, 0x0, 0x2,
    0xff, 0xff, 0xff, 0xd0, 0x0, 0x7e, 0x44, 0x44,
    0x6f, 0x20, 0xd, 0x90, 0x0, 0x0, 0xe8, 0x2,
    0xf4, 0x0, 0x0, 0x9, 0xd0, 0x8f, 0x0, 0x0,
    0x0, 0x4f, 0x30,

    /* U+00C5 "Å" */
    0x0, 0x0, 0x8c, 0x30, 0x0, 0x0, 0x0, 0x1b,
    0x3a, 0x0, 0x0, 0x0, 0x1, 0xb3, 0xa0, 0x0,
    0x0, 0x0, 0x8, 0xd3, 0x0, 0x0, 0x0, 0x0,
    0xcf, 0x60, 0x0, 0x0, 0x0, 0x1f, 0xcc, 0x0,
    0x0, 0x0, 0x7, 0xe3, 0xf1, 0x0, 0x0, 0x0,
    0xc8, 0xe, 0x70, 0x0, 0x0, 0x2f, 0x30, 0x9c,
    0x0, 0x0, 0x7, 0xe0, 0x3, 0xf2, 0x0, 0x0,
    0xd9, 0x11, 0x1e, 0x70, 0x0, 0x2f, 0xff, 0xff,
    0xfd, 0x0, 0x8, 0xe4, 0x44, 0x46, 0xf2, 0x0,
    0xd9, 0x0, 0x0, 0xe, 0x80, 0x3f, 0x40, 0x0,
    0x0, 0x9d, 0x8, 0xf0, 0x0, 0x0, 0x4, 0xf3,

    /* U+00C6 "Æ" */
    0x0, 0x0, 0x0, 0xdf, 0xff, 0xff, 0xff, 0x80,
    0x0, 0x0, 0x5f, 0x7f, 0x96, 0x66, 0x63, 0x0,
    0x0, 0xd, 0x81, 0xf4, 0x0, 0x0, 0x0, 0x0,
    0x6, 0xe0, 0x1f, 0x40, 0x0, 0x0, 0x0, 0x0,
    0xd7, 0x1, 0xf5, 0x11, 0x11, 0x0, 0x0, 0x6e,
    0x0, 0x1f, 0xff, 0xff, 0xf5, 0x0, 0xd, 0x81,
    0x13, 0xf7, 0x44, 0x44, 0x10, 0x6, 0xff, 0xff,
    0xff, 0x40, 0x0, 0x0, 0x0, 0xe8, 0x44, 0x45,
    0xf4, 0x0, 0x0, 0x0, 0x6f, 0x0, 0x0, 0x1f,
    0x40, 0x0, 0x0, 0xe, 0x80, 0x0, 0x1, 0xf8,
    0x66, 0x66, 0x46, 0xf1, 0x0, 0x0, 0x1f, 0xff,
    0xff, 0xfa,

    /* U+00C7 "Ç" */
    0x0, 0x6, 0xcf, 0xfc, 0x40, 0x0, 0xb, 0xfb,
    0x77, 0xcf, 0x50, 0x6, 0xf5, 0x0, 0x0, 0xaf,
    0x0, 0xda, 0x0, 0x0, 0x1, 0xf5, 0x2f, 0x50,
    0x0, 0x0, 0x0, 0x3, 0xf3, 0x0, 0x0, 0x0,
    0x0, 0x3f, 0x30, 0x0, 0x0, 0x0, 0x2, 0xf5,
    0x0, 0x0, 0x0, 0x32, 0xd, 0xa0, 0x0, 0x0,
    0x1f, 0x60, 0x7f, 0x50, 0x0, 0xa, 0xf1, 0x0,
    0xbf, 0xa7, 0x7c, 0xf5, 0x0, 0x0, 0x6c, 0xff,
    0xb4, 0x0, 0x0, 0x0, 0xe, 0x91, 0x0, 0x0,
    0x0, 0x5, 0x1a, 0x60, 0x0, 0x0, 0x0, 0x9e,
    0xc2, 0x0, 0x0,

    /* U+00C8 "È" */
    0x0, 0x8d, 0x0, 0x0, 0x0, 0xd, 0x60, 0x0,
    0x0, 0x0, 0x10, 0x0, 0x8f, 0xff, 0xff, 0xf9,
    0x8e, 0x66, 0x66, 0x63, 0x8d, 0x0, 0x0, 0x0,
    0x8d, 0x0, 0x0, 0x0, 0x8d, 0x11, 0x11, 0x10,
    0x8f, 0xff, 0xff, 0xf6, 0x8e, 0x44, 0x44, 0x41,
    0x8d, 0x0, 0x0, 0x0, 0x8d, 0x0, 0x0, 0x0,
    0x8d, 0x0, 0x0, 0x0, 0x8e, 0x66, 0x66, 0x64,
    0x8f, 0xff, 0xff, 0xfb,

    /* U+00C9 "É" */
    0x0, 0x0, 0xbb, 0x0, 0x0, 0x3, 0xe1, 0x0,
    0x0, 0x0, 0x10, 0x0, 0x8f, 0xff, 0xff, 0xf9,
    0x8e, 0x66, 0x66, 0x63, 0x8d, 0x0, 0x0, 0x0,
    0x8d, 0x0, 0x0, 0x0, 0x8d, 0x11, 0x11, 0x10,
    0x8f, 0xff, 0xff, 0xf6, 0x8e, 0x44, 0x44, 0x41,
    0x8d, 0x0, 0x0, 0x0, 0x8d, 0x0, 0x0, 0x0,
    0x8d, 0x0, 0x0, 0x0, 0x8e, 0x66, 0x66, 0x64,
    0x8f, 0xff, 0xff, 0xfb,

    /* U+00CA "Ê" */
    0x0, 0x1e, 0xe3, 0x0, 0x0, 0xc6, 0x4d, 0x0,
    0x0, 0x0, 0x0, 0x0, 0x8f, 0xff, 0xff, 0xf9,
    0x8e, 0x66, 0x66, 0x63, 0x8d, 0x0, 0x0, 0x0,
    0x8d, 0x0, 0x0, 0x0, 0x8d, 0x11, 0x11, 0x10,
    0x8f, 0xff, 0xff, 0xf6, 0x8e, 0x44, 0x44, 0x41,
    0x8d, 0x0, 0x0, 0x0, 0x8d, 0x0, 0x0, 0x0,
    0x8d, 0x0, 0x0, 0x0, 0x8e, 0x66, 0x66, 0x64,
    0x8f, 0xff, 0xff, 0xfb,

    /* U+00CB "Ë" */
    0x0, 0xa3, 0x2a, 0x10, 0x0, 0xf6, 0x3f, 0x20,
    0x0, 0x0, 0x0, 0x0, 0x8f, 0xff, 0xff, 0xf9,
    0x8e, 0x66, 0x66, 0x63, 0x8d, 0x0, 0x0, 0x0,
    0x8d, 0x0, 0x0, 0x0, 0x8d, 0x11, 0x11, 0x10,
    0x8f, 0xff, 0xff, 0xf6, 0x8e, 0x44, 0x44, 0x41,
    0x8d, 0x0, 0x0, 0x0, 0x8d, 0x0, 0x0, 0x0,
    0x8d, 0x0, 0x0, 0x0, 0x8e, 0x66, 0x66, 0x64,
    0x8f, 0xff, 0xff, 0xfb,

    /* U+00CC "Ì" */
    0x7e, 0x0, 0xc7, 0x0, 0x10, 0x8d, 0x8, 0xd0,
    0x8d, 0x8, 0xd0, 0x8d, 0x8, 0xd0, 0x8d, 0x8,
    0xd0, 0x8d, 0x8, 0xd0, 0x8d, 0x8, 0xd0,

    /* U+00CD "Í" */
    0xa, 0xc0, 0x2f, 0x20, 0x1, 0x0, 0x8d, 0x0,
    0x8d, 0x0, 0x8d, 0x0, 0x8d, 0x0, 0x8d, 0x0,
    0x8d, 0x0, 0x8d, 0x0, 0x8d, 0x0, 0x8d, 0x0,
    0x8d, 0x0, 0x8d, 0x0, 0x8d, 0x0,

    /* U+00CE "Î" */
    0x1, 0xee, 0x40, 0xa, 0x73, 0xd1, 0x0, 0x0,
    0x0, 0x0, 0x8d, 0x0, 0x0, 0x8d, 0x0, 0x0,
    0x8d, 0x0, 0x0, 0x8d, 0x0, 0x0, 0x8d, 0x0,
    0x0, 0x8d, 0x0, 0x0, 0x8d, 0x0, 0x0, 0x8d,
    0x0, 0x0, 0x8d, 0x0, 0x0, 0x8d, 0x0, 0x0,
    0x8d, 0x0, 0x0, 0x8d, 0x0,

    /* U+00CF "Ï" */
    0x94, 0x1a, 0x2f, 0x72, 0xf4, 0x0, 0x0, 0x0,
    0x8d, 0x0, 0x8, 0xd0, 0x0, 0x8d, 0x0, 0x8,
    0xd0, 0x0, 0x8d, 0x0, 0x8, 0xd0, 0x0, 0x8d,
    0x0, 0x8, 0xd0, 0x0, 0x8d, 0x0, 0x8, 0xd0,
    0x0, 0x8d, 0x0, 0x8, 0xd0, 0x0,

    /* U+00D0 "Ð" */
    0x8, 0xff, 0xff, 0xd7, 0x0, 0x0, 0x8e, 0x66,
    0x7a, 0xfd, 0x10, 0x8, 0xd0, 0x0, 0x2, 0xea,
    0x0, 0x8d, 0x0, 0x0, 0x7, 0xf1, 0x8, 0xd0,
    0x0, 0x0, 0x2f, 0x50, 0x9e, 0x0, 0x0, 0x0,
    0xf6, 0xbf, 0xff, 0xff, 0x10, 0xf, 0x62, 0xcf,
    0x33, 0x30, 0x2, 0xf5, 0x8, 0xd0, 0x0, 0x0,
    0x6f, 0x10, 0x8d, 0x0, 0x0, 0x2e, 0xa0, 0x8,
    0xe6, 0x66, 0x9f, 0xd1, 0x0, 0x8f, 0xff, 0xfd,
    0x81, 0x0,

    /* U+00D1 "Ñ" */
    0x0, 0xb, 0xd5, 0x49, 0x0, 0x0, 0x49, 0x1b,
    0xd2, 0x0, 0x0, 0x0, 0x0, 0x0, 0x0, 0x8f,
    0xa0, 0x0, 0x0, 0xf6, 0x8f, 0xf3, 0x0, 0x0,
    0xf6, 0x8d, 0xbc, 0x0, 0x0, 0xf6, 0x8d, 0x2f,
    0x40, 0x0, 0xf6, 0x8d, 0xa, 0xd0, 0x0, 0xf6,
    0x8d, 0x2, 0xf5, 0x0, 0xf6, 0x8d, 0x0, 0x9d,
    0x0, 0xf6, 0x8d, 0x0, 0x1f, 0x60, 0xf6, 0x8d,
    0x0, 0x7, 0xe0, 0xf6, 0x8d, 0x0, 0x0, 0xe7,
    0xf6, 0x8d, 0x0, 0x0, 0x6f, 0xf6, 0x8d, 0x0,
    0x0, 0xd, 0xf6,

    /* U+00D2 "Ò" */
    0x0, 0x0, 0x10, 0x0, 0x0, 0x0, 0x0, 0x0,
    0x9c, 0x0, 0x0, 0x0, 0x0, 0x0, 0xe, 0x40,
    0x0, 0x0, 0x0, 0x0, 0x0, 0x0, 0x0, 0x0,
    0x0, 0x6, 0xcf, 0xec, 0x50, 0x0, 0x0, 0xbf,
    0xa7, 0x7c, 0xf8, 0x0, 0x7, 0xf5, 0x0, 0x0,
    0x8f, 0x40, 0xd, 0xb0, 0x0, 0x0, 0xd, 0xb0,
    0x2f, 0x50, 0x0, 0x0, 0x8, 0xf0, 0x3f, 0x30,
    0x0, 0x0, 0x6, 0xf0, 0x3f, 0x30, 0x0, 0x0,
    0x6, 0xf1, 0x2f, 0x50, 0x0, 0x0, 0x8, 0xf0,
    0xe, 0xb0, 0x0, 0x0, 0xd, 0xb0, 0x7, 0xf4,
    0x0, 0x0, 0x7f, 0x40, 0x0, 0xbf, 0xa6, 0x7b,
    0xf9, 0x0, 0x0, 0x6, 0xcf, 0xec, 0x50, 0x0,

    /* U+00D3 "Ó" */
    0x0, 0x0, 0x0, 0x11, 0x0, 0x0, 0x0, 0x0,
    0x0, 0xe7, 0x0, 0x0, 0x0, 0x0, 0x7, 0xc0,
    0x0, 0x0, 0x0, 0x0, 0x0, 0x0, 0x0, 0x0,
    0x0, 0x6, 0xcf, 0xec, 0x50, 0x0, 0x0, 0xbf,
    0xa7, 0x7c, 0xf8, 0x0, 0x7, 0xf5, 0x0, 0x0,
    0x8f, 0x40, 0xd, 0xb0, 0x0, 0x0, 0xd, 0xb0,
    0x2f, 0x50, 0x0, 0x0, 0x8, 0xf0, 0x3f, 0x30,
    0x0, 0x0, 0x6, 0xf0, 0x3f, 0x30, 0x0, 0x0,
    0x6, 0xf1, 0x2f, 0x50, 0x0, 0x0, 0x8, 0xf0,
    0xe, 0xb0, 0x0, 0x0, 0xd, 0xb0, 0x7, 0xf4,
    0x0, 0x0, 0x7f, 0x40, 0x0, 0xbf, 0xa6, 0x7b,
    0xf9, 0x0, 0x0, 0x6, 0xcf, 0xec, 0x50, 0x0,

    /* U+00D4 "Ô" */
    0x0, 0x0, 0x7, 0x60, 0x0, 0x0, 0x0, 0x0,
    0x6c, 0xe3, 0x0, 0x0, 0x0, 0x1, 0xe2, 0x5c,
    0x0, 0x0, 0x0, 0x0, 0x0, 0x0, 0x0, 0x0,
    0x0, 0x6, 0xcf, 0xec, 0x50, 0x0, 0x0, 0xbf,
    0xa7, 0x7c, 0xf8, 0x0, 0x7, 0xf5, 0x0, 0x0,
    0x8f, 0x40, 0xd, 0xb0, 0x0, 0x0, 0xd, 0xb0,
    0x2f, 0x50, 0x0, 0x0, 0x8, 0xf0, 0x3f, 0x30,
    0x0, 0x0, 0x6, 0xf0, 0x3f, 0x30, 0x0, 0x0,
    0x6, 0xf1, 0x2f, 0x50, 0x0, 0x0, 0x8, 0xf0,
    0xe, 0xb0, 0x0, 0x0, 0xd, 0xb0, 0x7, 0xf4,
    0x0, 0x0, 0x7f, 0x40, 0x0, 0xbf, 0xa6, 0x7b,
    0xf9, 0x0, 0x0, 0x6, 0xcf, 0xec, 0x50, 0x0,

    /* U+00D5 "Õ" */
    0x0, 0x2, 0xdc, 0x28, 0x50, 0x0, 0x0, 0x8,
    0x54, 0xdb, 0x0, 0x0, 0x0, 0x0, 0x0, 0x0,
    0x0, 0x0, 0x0, 0x6, 0xcf, 0xec, 0x50, 0x0,
    0x0, 0xbf, 0xa7, 0x7c, 0xf8, 0x0, 0x7, 0xf5,
    0x0, 0x0, 0x8f, 0x40, 0xd, 0xb0, 0x0, 0x0,
    0xd, 0xb0, 0x2f, 0x50, 0x0, 0x0, 0x8, 0xf0,
    0x3f, 0x30, 0x0, 0x0, 0x6, 0xf0, 0x3f, 0x30,
    0x0, 0x0, 0x6, 0xf1, 0x2f, 0x50, 0x0, 0x0,
    0x8, 0xf0, 0xe, 0xb0, 0x0, 0x0, 0xd, 0xb0,
    0x7, 0xf4, 0x0, 0x0, 0x7f, 0x40, 0x0, 0xbf,
    0xa6, 0x7b, 0xf9, 0x0, 0x0, 0x6, 0xcf, 0xec,
    0x50, 0x0,

    /* U+00D6 "Ö" */
    0x0, 0x3, 0xf3, 0x6f, 0x0, 0x0, 0x0, 0x1,
    0xa2, 0x4a, 0x0, 0x0, 0x0, 0x0, 0x0, 0x0,
    0x0, 0x0, 0x0, 0x6, 0xcf, 0xec, 0x50, 0x0,
    0x0, 0xbf, 0xa7, 0x7c, 0xf8, 0x0, 0x7, 0xf5,
    0x0, 0x0, 0x8f, 0x40, 0xd, 0xb0, 0x0, 0x0,
    0xd, 0xb0, 0x2f, 0x50, 0x0, 0x0, 0x8, 0xf0,
    0x3f, 0x30, 0x0, 0x0, 0x6, 0xf0, 0x3f, 0x30,
    0x0, 0x0, 0x6, 0xf1, 0x2f, 0x50, 0x0, 0x0,
    0x8, 0xf0, 0xe, 0xb0, 0x0, 0x0, 0xd, 0xb0,
    0x7, 0xf4, 0x0, 0x0, 0x7f, 0x40, 0x0, 0xbf,
    0xa6, 0x7b, 0xf9, 0x0, 0x0, 0x6, 0xcf, 0xec,
    0x50, 0x0,

    /* U+00D7 "×" */
    0x2, 0x0, 0x0, 0x20, 0x2f, 0x60, 0x5, 0xf2,
    0x6, 0xf5, 0x5f, 0x60, 0x0, 0x7f, 0xf7, 0x0,
    0x0, 0x4f, 0xf4, 0x0, 0x4, 0xf8, 0x8f, 0x40,
    0x2f, 0x90, 0x8, 0xf2, 0x5, 0x0, 0x0, 0x50,

    /* U+00D8 "Ø" */
    0x0, 0x6, 0xcf, 0xec, 0x7f, 0x40, 0x0, 0xbf,
    0xa7, 0x7c, 0xff, 0x0, 0x7, 0xf5, 0x0, 0x6,
    0xff, 0x40, 0xd, 0xb0, 0x0, 0x2f, 0x4d, 0xb0,
    0x2f, 0x50, 0x0, 0xb9, 0x8, 0xf0, 0x3f, 0x30,
    0x6, 0xd0, 0x6, 0xf0, 0x3f, 0x30, 0x2f, 0x40,
    0x6, 0xf1, 0x2f, 0x50, 0xc9, 0x0, 0x8, 0xf0,
    0xe, 0xb7, 0xd0, 0x0, 0xd, 0xb0, 0x7, 0xff,
    0x30, 0x0, 0x7f, 0x40, 0x0, 0xff, 0xa6, 0x7b,
    0xf9, 0x0, 0x7, 0xd7, 0xcf, 0xec, 0x50, 0x0,

    /* U+00D9 "Ù" */
    0x0, 0x2, 0x0, 0x0, 0x0, 0x1, 0xe6, 0x0,
    0x0, 0x0, 0x5, 0xd0, 0x0, 0x0, 0x0, 0x0,
    0x0, 0x0, 0xc9, 0x0, 0x0, 0x9, 0xcc, 0x90,
    0x0, 0x0, 0x9c, 0xc9, 0x0, 0x0, 0x9, 0xcc,
    0x90, 0x0, 0x0, 0x9c, 0xc9, 0x0, 0x0, 0x9,
    0xcc, 0x90, 0x0, 0x0, 0x9c, 0xc9, 0x0, 0x0,
    0x9, 0xcc, 0x90, 0x0, 0x0, 0x9c, 0xab, 0x0,
    0x0, 0xb, 0xb6, 0xf2, 0x0, 0x2, 0xf6, 0xd,
    0xf9, 0x68, 0xfd, 0x0, 0x8, 0xef, 0xe9, 0x10,

    /* U+00DA "Ú" */
    0x0, 0x0, 0x2, 0x0, 0x0, 0x0, 0x5, 0xf1,
    0x0, 0x0, 0x0, 0xd6, 0x0, 0x0, 0x0, 0x0,
    0x0, 0x0, 0xc9, 0x0, 0x0, 0x9, 0xcc, 0x90,
    0x0, 0x0, 0x9c, 0xc9, 0x0, 0x0, 0x9, 0xcc,
    0x90, 0x0, 0x0, 0x9c, 0xc9, 0x0, 0x0, 0x9,
    0xcc, 0x90, 0x0, 0x0, 0x9c, 0xc9, 0x0, 0x0,
    0x9, 0xcc, 0x90, 0x0, 0x0, 0x9c, 0xab, 0x0,
    0x0, 0xb, 0xb6, 0xf2, 0x0, 0x2, 0xf6, 0xd,
    0xf9, 0x68, 0xfd, 0x0, 0x8, 0xef, 0xe9, 0x10,

    /* U+00DB "Û" */
    0x0, 0x3, 0x83, 0x0, 0x0, 0x0, 0xcb, 0xd0,
    0x0, 0x0, 0x6c, 0xb, 0x60, 0x0, 0x0, 0x0,
    0x0, 0x0, 0xc9, 0x0, 0x0, 0x9, 0xcc, 0x90,
    0x0, 0x0, 0x9c, 0xc9, 0x0, 0x0, 0x9, 0xcc,
    0x90, 0x0, 0x0, 0x9c, 0xc9, 0x0, 0x0, 0x9,
    0xcc, 0x90, 0x0, 0x0, 0x9c, 0xc9, 0x0, 0x0,
    0x9, 0xcc, 0x90, 0x0, 0x0, 0x9c, 0xab, 0x0,
    0x0, 0xb, 0xb6, 0xf2, 0x0, 0x2, 0xf6, 0xd,
    0xf9, 0x68, 0xfd, 0x0, 0x8, 0xef, 0xe9, 0x10,

    /* U+00DC "Ü" */
    0x0, 0x9d, 0xc, 0x90, 0x0, 0x5, 0x80, 0x76,
    0x0, 0x0, 0x0, 0x0, 0x0, 0xc, 0x90, 0x0,
    0x0, 0x9c, 0xc9, 0x0, 0x0, 0x9, 0xcc, 0x90,
    0x0, 0x0, 0x9c, 0xc9, 0x0, 0x0, 0x9, 0xcc,
    0x90, 0x0, 0x0, 0x9c, 0xc9, 0x0, 0x0, 0x9,
    0xcc, 0x90, 0x0, 0x0, 0x9c, 0xc9, 0x0, 0x0,
    0x9, 0xca, 0xb0, 0x0, 0x0, 0xbb, 0x6f, 0x20,
    0x0, 0x2f, 0x60, 0xdf, 0x96, 0x8f, 0xd0, 0x0,
    0x8e, 0xfe, 0x91, 0x0,

    /* U+00DD "Ý" */
    0x0, 0x0, 0x2, 0xf3, 0x0, 0x0, 0x0, 0x0,
    0xa8, 0x0, 0x0, 0x0, 0x0, 0x1, 0x0, 0x0,
    0x0, 0xcc, 0x0, 0x0, 0x9, 0xf1, 0x3, 0xf5,
    0x0, 0x2, 0xf7, 0x0, 0xa, 0xd0, 0x0, 0xad,
    0x0, 0x0, 0x2f, 0x70, 0x3f, 0x50, 0x0, 0x0,
    0x8e, 0x1c, 0xc0, 0x0, 0x0, 0x0, 0xec, 0xf3,
    0x0, 0x0, 0x0, 0x6, 0xfa, 0x0, 0x0, 0x0,
    0x0, 0x1f, 0x40, 0x0, 0x0, 0x0, 0x1, 0xf4,
    0x0, 0x0, 0x0, 0x0, 0x1f, 0x40, 0x0, 0x0,
    0x0, 0x1, 0xf4, 0x0, 0x0, 0x0, 0x0, 0x1f,
    0x40, 0x0, 0x0,

    /* U+00DE "Þ" */
    0x8d, 0x0, 0x0, 0x0, 0x8, 0xd1, 0x10, 0x0,
    0x0, 0x8f, 0xff, 0xfe, 0x60, 0x8, 0xe4, 0x45,
    0x9f, 0x80, 0x8d, 0x0, 0x0, 0xae, 0x8, 0xd0,
    0x0, 0x6, 0xf1, 0x8d, 0x0, 0x0, 0x8f, 0x8,
    0xd1, 0x12, 0x6f, 0x90, 0x8f, 0xff, 0xff, 0x90,
    0x8, 0xe4, 0x43, 0x10, 0x0, 0x8d, 0x0, 0x0,
    0x0, 0x8, 0xd0, 0x0, 0x0, 0x0,

    /* U+00DF "ß" */
    0x4, 0xcf, 0xe9, 0x0, 0x2f, 0xb6, 0x7f, 0xa0,
    0x8d, 0x0, 0x7, 0xf0, 0xba, 0x0, 0x6, 0xf0,
    0xba, 0x1, 0x4e, 0x90, 0xba, 0x2f, 0xfc, 0x10,
    0xba, 0x4, 0x5c, 0xd1, 0xba, 0x0, 0x0, 0xe8,
    0xba, 0x0, 0x0, 0xbb, 0xba, 0x0, 0x0, 0xda,
    0xba, 0x15, 0x6c, 0xf3, 0xba, 0x4f, 0xeb, 0x30,

    /* U+00E0 "à" */
    0x0, 0x2f, 0x40, 0x0, 0x0, 0x0, 0x7c, 0x0,
    0x0, 0x0, 0x0, 0x20, 0x0, 0x0, 0x8, 0xdf,
    0xc4, 0x0, 0x9, 0xf7, 0x5a, 0xf3, 0x0, 0xc6,
    0x0, 0xc, 0x90, 0x0, 0x0, 0x25, 0xdb, 0x0,
    0x2b, 0xff, 0xcd, 0xb0, 0x1e, 0x92, 0x0, 0xab,
    0x4, 0xf2, 0x0, 0x1f, 0xb0, 0x1f, 0xc7, 0x8e,
    0xde, 0x30, 0x5d, 0xfd, 0x63, 0xe7,

    /* U+00E1 "á" */
    0x0, 0x0, 0x5f, 0x20, 0x0, 0x0, 0xd, 0x60,
    0x0, 0x0, 0x0, 0x10, 0x0, 0x0, 0x8, 0xdf,
    0xc4, 0x0, 0x9, 0xf7, 0x5a, 0xf3, 0x0, 0xc6,
    0x0, 0xc, 0x90, 0x0, 0x0, 0x25, 0xdb, 0x0,
    0x2b, 0xff, 0xcd, 0xb0, 0x1e, 0x92, 0x0, 0xab,
    0x4, 0xf2, 0x0, 0x1f, 0xb0, 0x1f, 0xc7, 0x8e,
    0xde, 0x30, 0x5d, 0xfd, 0x63, 0xe7,

    /* U+00E2 "â" */
    0x0, 0xa, 0xe8, 0x0, 0x0, 0x5, 0xc1, 0xd3,
    0x0, 0x0, 0x10, 0x0, 0x10, 0x0, 0x8, 0xdf,
    0xc4, 0x0, 0x9, 0xf7, 0x5a, 0xf3, 0x0, 0xc6,
    0x0, 0xc, 0x90, 0x0, 0x0, 0x25, 0xdb, 0x0,
    0x2b, 0xff, 0xcd, 0xb0, 0x1e, 0x92, 0x0, 0xab,
    0x4, 0xf2, 0x0, 0x1f, 0xb0, 0x1f, 0xc7, 0x8e,
    0xde, 0x30, 0x5d, 0xfd, 0x63, 0xe7,

    /* U+00E3 "ã" */
    0x0, 0x8e, 0x81, 0xd0, 0x0, 0xc, 0x9, 0xe5,
    0x0, 0x0, 0x0, 0x0, 0x0, 0x0, 0x8, 0xdf,
    0xc4, 0x0, 0x9, 0xf7, 0x5a, 0xf3, 0x0, 0xc6,
    0x0, 0xc, 0x90, 0x0, 0x0, 0x25, 0xdb, 0x0,
    0x2b, 0xff, 0xcd, 0xb0, 0x1e, 0x92, 0x0, 0xab,
    0x4, 0xf2, 0x0, 0x1f, 0xb0, 0x1f, 0xc7, 0x8e,
    0xde, 0x30, 0x5d, 0xfd, 0x63, 0xe7,

    /* U+00E4 "ä" */
    0x0, 0xac, 0xd, 0x80, 0x0, 0x6, 0x70, 0x85,
    0x0, 0x0, 0x0, 0x0, 0x0, 0x0, 0x8, 0xdf,
    0xc4, 0x0, 0x9, 0xf7, 0x5a, 0xf3, 0x0, 0xc6,
    0x0, 0xc, 0x90, 0x0, 0x0, 0x25, 0xdb, 0x0,
    0x2b, 0xff, 0xcd, 0xb0, 0x1e, 0x92, 0x0, 0xab,
    0x4, 0xf2, 0x0, 0x1f, 0xb0, 0x1f, 0xc7, 0x8e,
    0xde, 0x30, 0x5d, 0xfd, 0x63, 0xe7,

    /* U+00E5 "å" */
    0x0, 0x8, 0xd6, 0x0, 0x0, 0x0, 0xd0, 0xd0,
    0x0, 0x0, 0x8, 0xd6, 0x0, 0x0, 0x0, 0x0,
    0x0, 0x0, 0x0, 0x8d, 0xfc, 0x40, 0x0, 0x9f,
    0x75, 0xaf, 0x30, 0xc, 0x60, 0x0, 0xc9, 0x0,
    0x0, 0x2, 0x5d, 0xb0, 0x2, 0xbf, 0xfc, 0xdb,
    0x1, 0xe9, 0x20, 0xa, 0xb0, 0x4f, 0x20, 0x1,
    0xfb, 0x1, 0xfc, 0x78, 0xed, 0xe3, 0x5, 0xdf,
    0xd6, 0x3e, 0x70,

    /* U+00E6 "æ" */
    0x0, 0x7d, 0xfd, 0x50, 0x8e, 0xfb, 0x30, 0x8,
    0xf8, 0x6a, 0xfc, 0xf8, 0x6c, 0xf2, 0xe, 0x70,
    0x0, 0xdf, 0x50, 0x0, 0xd9, 0x0, 0x0, 0x0,
    0xbf, 0x0, 0x0, 0x9e, 0x1, 0x7b, 0xef, 0xff,
    0xff, 0xff, 0xff, 0xe, 0xc6, 0x43, 0xaf, 0x33,
    0x33, 0x33, 0x4f, 0x20, 0x0, 0xdf, 0x30, 0x0,
    0x76, 0x2f, 0xb5, 0x6c, 0xbb, 0xe7, 0x59, 0xf5,
    0x5, 0xdf, 0xe8, 0x0, 0x8e, 0xfc, 0x40,

    /* U+00E7 "ç" */
    0x0, 0x5d, 0xfd, 0x70, 0x0, 0x6f, 0xa6, 0x8f,
    0x90, 0xe, 0x90, 0x0, 0x7f, 0x3, 0xf3, 0x0,
    0x0, 0x10, 0x4f, 0x20, 0x0, 0x0, 0x3, 0xf3,
    0x0, 0x0, 0x30, 0xe, 0x90, 0x0, 0x7f, 0x0,
    0x6f, 0xa5, 0x8f, 0x70, 0x0, 0x6d, 0xfe, 0x70,
    0x0, 0x0, 0x3e, 0x60, 0x0, 0x0, 0x14, 0x2e,
    0x20, 0x0, 0x1, 0xce, 0xa0, 0x0,

    /* U+00E8 "è" */
    0x0, 0x1e, 0x60, 0x0, 0x0, 0x0, 0x5e, 0x0,
    0x0, 0x0, 0x0, 0x10, 0x0, 0x0, 0x6, 0xdf,
    0xd5, 0x0, 0x6, 0xf9, 0x69, 0xf5, 0x0, 0xe9,
    0x0, 0x9, 0xe0, 0x3f, 0x30, 0x0, 0x4f, 0x24,
    0xff, 0xff, 0xff, 0xf3, 0x3f, 0x53, 0x33, 0x33,
    0x0, 0xe7, 0x0, 0x4, 0x80, 0x6, 0xf9, 0x57,
    0xf9, 0x0, 0x6, 0xdf, 0xd7, 0x0,

    /* U+00E9 "é" */
    0x0, 0x0, 0x3f, 0x30, 0x0, 0x0, 0xb, 0x80,
    0x0, 0x0, 0x0, 0x10, 0x0, 0x0, 0x6, 0xdf,
    0xd5, 0x0, 0x6, 0xf9, 0x69, 0xf5, 0x0, 0xe9,
    0x0, 0x9, 0xe0, 0x3f, 0x30, 0x0, 0x4f, 0x24,
    0xff, 0xff, 0xff, 0xf3, 0x3f, 0x53, 0x33, 0x33,
    0x0, 0xe7, 0x0, 0x4, 0x80, 0x6, 0xf9, 0x57,
    0xf9, 0x0, 0x6, 0xdf, 0xd7, 0x0,

    /* U+00EA "ê" */
    0x0, 0x7, 0xea, 0x0, 0x0, 0x2, 0xe1, 0xc5,
    0x0, 0x0, 0x11, 0x0, 0x10, 0x0, 0x6, 0xdf,
    0xd5, 0x0, 0x6, 0xf9, 0x69, 0xf5, 0x0, 0xe9,
    0x0, 0x9, 0xe0, 0x3f, 0x30, 0x0, 0x4f, 0x24,
    0xff, 0xff, 0xff, 0xf3, 0x3f, 0x53, 0x33, 0x33,
    0x0, 0xe7, 0x0, 0x4, 0x80, 0x6, 0xf9, 0x57,
    0xf9, 0x0, 0x6, 0xdf, 0xd7, 0x0,

    /* U+00EB "ë" */
    0x0, 0x8e, 0xb, 0xb0, 0x0, 0x5, 0x90, 0x76,
    0x0, 0x0, 0x0, 0x0, 0x0, 0x0, 0x6, 0xdf,
    0xd5, 0x0, 0x6, 0xf9, 0x69, 0xf5, 0x0, 0xe9,
    0x0, 0x9, 0xe0, 0x3f, 0x30, 0x0, 0x4f, 0x24,
    0xff, 0xff, 0xff, 0xf3, 0x3f, 0x53, 0x33, 0x33,
    0x0, 0xe7, 0x0, 0x4, 0x80, 0x6, 0xf9, 0x57,
    0xf9, 0x0, 0x6, 0xdf, 0xd7, 0x0,

    /* U+00EC "ì" */
    0xac, 0x1, 0xe4, 0x1, 0x10, 0xba, 0xb, 0xa0,
    0xba, 0xb, 0xa0, 0xba, 0xb, 0xa0, 0xba, 0xb,
    0xa0, 0xba,

    /* U+00ED "í" */
    0xd, 0x95, 0xd0, 0x11, 0xb, 0xa0, 0xba, 0xb,
    0xa0, 0xba, 0xb, 0xa0, 0xba, 0xb, 0xa0, 0xba,
    0xb, 0xa0,

    /* U+00EE "î" */
    0x3, 0xee, 0x20, 0xd, 0x45, 0xc0, 0x0, 0x0,
    0x0, 0x0, 0xba, 0x0, 0x0, 0xba, 0x0, 0x0,
    0xba, 0x0, 0x0, 0xba, 0x0, 0x0, 0xba, 0x0,
    0x0, 0xba, 0x0, 0x0, 0xba, 0x0, 0x0, 0xba,
    0x0, 0x0, 0xba, 0x0,

    /* U+00EF "ï" */
    0xca, 0xbb, 0x86, 0x77, 0x0, 0x0, 0xb, 0xa0,
    0xb, 0xa0, 0xb, 0xa0, 0xb, 0xa0, 0xb, 0xa0,
    0xb, 0xa0, 0xb, 0xa0, 0xb, 0xa0, 0xb, 0xa0,

    /* U+00F0 "ð" */
    0x0, 0x19, 0x50, 0x0, 0x10, 0x2, 0xae, 0xda,
    0xf8, 0x0, 0x4, 0xef, 0xf4, 0x0, 0x0, 0x25,
    0xc, 0xa0, 0x0, 0x8e, 0xfe, 0xbf, 0x0, 0x9f,
    0x84, 0x6e, 0xf4, 0x1f, 0x70, 0x0, 0x4f, 0x64,
    0xf2, 0x0, 0x0, 0xf7, 0x3f, 0x20, 0x0, 0xf,
    0x61, 0xf7, 0x0, 0x5, 0xf3, 0x8, 0xf9, 0x58,
    0xfb, 0x0, 0x7, 0xdf, 0xe8, 0x0,

    /* U+00F1 "ñ" */
    0x5, 0xea, 0x1c, 0x10, 0xc, 0x16, 0xe8, 0x0,
    0x0, 0x0, 0x0, 0x0, 0xb8, 0x8e, 0xfa, 0x0,
    0xbe, 0x81, 0x3e, 0x90, 0xbd, 0x0, 0x7, 0xe0,
    0xba, 0x0, 0x5, 0xf0, 0xba, 0x0, 0x5, 0xf0,
    0xba, 0x0, 0x5, 0xf0, 0xba, 0x0, 0x5, 0xf0,
    0xba, 0x0, 0x5, 0xf0, 0xba, 0x0, 0x5, 0xf0,

    /* U+00F2 "ò" */
    0x0, 0x1e, 0x60, 0x0, 0x0, 0x0, 0x5e, 0x0,
    0x0, 0x0, 0x0, 0x10, 0x0, 0x0, 0x6, 0xdf,
    0xd7, 0x0, 0x6, 0xfa, 0x68, 0xf9, 0x0, 0xe9,
    0x0, 0x7, 0xf1, 0x3f, 0x30, 0x0, 0x1f, 0x54,
    0xf2, 0x0, 0x0, 0xf7, 0x3f, 0x30, 0x0, 0x1f,
    0x50, 0xe9, 0x0, 0x7, 0xf1, 0x6, 0xfa, 0x68,
    0xf9, 0x0, 0x6, 0xdf, 0xd7, 0x0,

    /* U+00F3 "ó" */
    0x0, 0x0, 0x3f, 0x30, 0x0, 0x0, 0xb, 0x80,
    0x0, 0x0, 0x0, 0x10, 0x0, 0x0, 0x6, 0xdf,
    0xd7, 0x0, 0x6, 0xfa, 0x68, 0xf9, 0x0, 0xe9,
    0x0, 0x7, 0xf1, 0x3f, 0x30, 0x0, 0x1f, 0x54,
    0xf2, 0x0, 0x0, 0xf7, 0x3f, 0x30, 0x0, 0x1f,
    0x50, 0xe9, 0x0, 0x7, 0xf1, 0x6, 0xfa, 0x68,
    0xf9, 0x0, 0x6, 0xdf, 0xd7, 0x0,

    /* U+00F4 "ô" */
    0x0, 0x8, 0xea, 0x0, 0x0, 0x3, 0xe1, 0xc5,
    0x0, 0x0, 0x0, 0x0, 0x10, 0x0, 0x6, 0xdf,
    0xd7, 0x0, 0x6, 0xfa, 0x68, 0xf9, 0x0, 0xe9,
    0x0, 0x7, 0xf1, 0x3f, 0x30, 0x0, 0x1f, 0x54,
    0xf2, 0x0, 0x0, 0xf7, 0x3f, 0x30, 0x0, 0x1f,
    0x50, 0xe9, 0x0, 0x7, 0xf1, 0x6, 0xfa, 0x68,
    0xf9, 0x0, 0x6, 0xdf, 0xd7, 0x0,

    /* U+00F5 "õ" */
    0x0, 0x6e, 0xa1, 0xd0, 0x0, 0xc, 0x7, 0xe8,
    0x0, 0x0, 0x0, 0x0, 0x0, 0x0, 0x6, 0xdf,
    0xd7, 0x0, 0x6, 0xfa, 0x68, 0xf9, 0x0, 0xe9,
    0x0, 0x7, 0xf1, 0x3f, 0x30, 0x0, 0x1f, 0x54,
    0xf2, 0x0, 0x0, 0xf7, 0x3f, 0x30, 0x0, 0x1f,
    0x50, 0xe9, 0x0, 0x7, 0xf1, 0x6, 0xfa, 0x68,
    0xf9, 0x0, 0x6, 0xdf, 0xd7, 0x0,

    /* U+00F6 "ö" */
    0x0, 0x8e, 0xb, 0xb0, 0x0, 0x5, 0x90, 0x77,
    0x0, 0x0, 0x0, 0x0, 0x0, 0x0, 0x6, 0xdf,
    0xd7, 0x0, 0x6, 0xfa, 0x68, 0xf9, 0x0, 0xe9,
    0x0, 0x7, 0xf1, 0x3f, 0x30, 0x0, 0x1f, 0x54,
    0xf2, 0x0, 0x0, 0xf7, 0x3f, 0x30, 0x0, 0x1f,
    0x50, 0xe9, 0x0, 0x7, 0xf1, 0x6, 0xfa, 0x68,
    0xf9, 0x0, 0x6, 0xdf, 0xd7, 0x0,

    /* U+00F7 "÷" */
    0x0, 0x7, 0xe2, 0x0, 0x0, 0x8, 0xf3, 0x0,
    0x0, 0x0, 0x10, 0x0, 0x5f, 0xff, 0xff, 0xff,
    0x13, 0x33, 0x33, 0x33, 0x0, 0x0, 0x0, 0x0,
    0x0, 0x7, 0xe2, 0x0, 0x0, 0x8, 0xf3, 0x0,
    0x0, 0x0, 0x0, 0x0,

    /* U+00F8 "ø" */
    0x0, 0x6d, 0xfd, 0xcd, 0x0, 0x6f, 0xa6, 0xaf,
    0xc0, 0xe, 0x90, 0xa, 0xff, 0x13, 0xf3, 0x5,
    0xc1, 0xf5, 0x4f, 0x21, 0xe2, 0xf, 0x73, 0xf3,
    0xa7, 0x1, 0xf5, 0xe, 0xfc, 0x0, 0x7f, 0x10,
    0x8f, 0xc6, 0x8f, 0x90, 0xa, 0xdd, 0xfd, 0x70,
    0x0,

    /* U+00F9 "ù" */
    0x1, 0xf5, 0x0, 0x0, 0x6, 0xd0, 0x0, 0x0,
    0x1, 0x0, 0xb, 0xa0, 0x0, 0x6e, 0xba, 0x0,
    0x6, 0xeb, 0xa0, 0x0, 0x6e, 0xba, 0x0, 0x6,
    0xeb, 0xa0, 0x0, 0x6e, 0xba, 0x0, 0x7, 0xe9,
    0xc0, 0x0, 0xbe, 0x4f, 0x84, 0x9e, 0xe0, 0x7e,
    0xfa, 0x6e,

    /* U+00FA "ú" */
    0x0, 0x3, 0xf3, 0x0, 0x0, 0xb7, 0x0, 0x0,
    0x1, 0x0, 0xb, 0xa0, 0x0, 0x6e, 0xba, 0x0,
    0x6, 0xeb, 0xa0, 0x0, 0x6e, 0xba, 0x0, 0x6,
    0xeb, 0xa0, 0x0, 0x6e, 0xba, 0x0, 0x7, 0xe9,
    0xc0, 0x0, 0xbe, 0x4f, 0x84, 0x9e, 0xe0, 0x7e,
    0xfa, 0x6e,

    /* U+00FB "û" */
    0x0, 0x9e, 0xa0, 0x0, 0x4c, 0x1c, 0x50, 0x0,
    0x0, 0x0, 0xb, 0xa0, 0x0, 0x6e, 0xba, 0x0,
    0x6, 0xeb, 0xa0, 0x0, 0x6e, 0xba, 0x0, 0x6,
    0xeb, 0xa0, 0x0, 0x6e, 0xba, 0x0, 0x7, 0xe9,
    0xc0, 0x0, 0xbe, 0x4f, 0x84, 0x9e, 0xe0, 0x7e,
    0xfa, 0x6e,

    /* U+00FC "ü" */
    0x8, 0xd0, 0xca, 0x0, 0x58, 0x7, 0x60, 0x0,
    0x0, 0x0, 0xb, 0xa0, 0x0, 0x6e, 0xba, 0x0,
    0x6, 0xeb, 0xa0, 0x0, 0x6e, 0xba, 0x0, 0x6,
    0xeb, 0xa0, 0x0, 0x6e, 0xba, 0x0, 0x7, 0xe9,
    0xc0, 0x0, 0xbe, 0x4f, 0x84, 0x9e, 0xe0, 0x7e,
    0xfa, 0x6e,

    /* U+00FD "ý" */
    0x0, 0x0, 0x7d, 0x0, 0x0, 0x0, 0xe, 0x40,
    0x0, 0x0, 0x0, 0x10, 0x0, 0x7, 0xf0, 0x0,
    0x6, 0xf1, 0x2f, 0x50, 0x0, 0xbb, 0x0, 0xca,
    0x0, 0xf, 0x50, 0x7, 0xf0, 0x5, 0xf0, 0x0,
    0x1f, 0x50, 0xaa, 0x0, 0x0, 0xca, 0xf, 0x40,
    0x0, 0x6, 0xf4, 0xe0, 0x0, 0x0, 0x1f, 0xd9,
    0x0, 0x0, 0x0, 0xbf, 0x30, 0x0, 0x1, 0x38,
    0xd0, 0x0, 0x0, 0x5f, 0xe4, 0x0, 0x0,

    /* U+00FE "þ" */
    0xba, 0x0, 0x0, 0x0, 0xba, 0x0, 0x0, 0x0,
    0xba, 0x0, 0x0, 0x0, 0xba, 0x8e, 0xfb, 0x20,
    0xbf, 0xc5, 0x5d, 0xe1, 0xbe, 0x0, 0x1, 0xf7,
    0xba, 0x0, 0x0, 0xcb, 0xb8, 0x0, 0x0, 0xac,
    0xba, 0x0, 0x0, 0xcb, 0xbf, 0x10, 0x1, 0xf7,
    0xbf, 0xd6, 0x6d, 0xe1, 0xba, 0x7e, 0xfb, 0x20,
    0xba, 0x0, 0x0, 0x0, 0xba, 0x0, 0x0, 0x0,

    /* U+00FF "ÿ" */
    0x0, 0xc9, 0xf, 0x60, 0x0, 0x8, 0x60, 0xa4,
    0x0, 0x0, 0x0, 0x0, 0x0, 0x7, 0xf0, 0x0,
    0x6, 0xf1, 0x2f, 0x50, 0x0, 0xbb, 0x0, 0xca,
    0x0, 0xf, 0x50, 0x7, 0xf0, 0x5, 0xf0, 0x0,
    0x1f, 0x50, 0xaa, 0x0, 0x0, 0xca, 0xf, 0x40,
    0x0, 0x6, 0xf4, 0xe0, 0x0, 0x0, 0x1f, 0xd9,
    0x0, 0x0, 0x0, 0xbf, 0x30, 0x0, 0x1, 0x38,
    0xd0, 0x0, 0x0, 0x5f, 0xe4, 0x0, 0x0,

    /* U+0100 "Ā" */
    0x0, 0xc, 0xff, 0xf7, 0x0, 0x0, 0x0, 0x23,
    0x33, 0x10, 0x0, 0x0, 0x0, 0x0, 0x0, 0x0,
    0x0, 0x0, 0xc, 0xf6, 0x0, 0x0, 0x0, 0x1,
    0xfc, 0xc0, 0x0, 0x0, 0x0, 0x7e, 0x3f, 0x10,
    0x0, 0x0, 0xc, 0x90, 0xe7, 0x0, 0x0, 0x1,
    0xf3, 0x8, 0xc0, 0x0, 0x0, 0x7e, 0x0, 0x3f,
    0x20, 0x0, 0xc, 0x91, 0x11, 0xe7, 0x0, 0x2,
    0xff, 0xff, 0xff, 0xd0, 0x0, 0x7e, 0x44, 0x44,
    0x6f, 0x20, 0xd, 0x90, 0x0, 0x0, 0xe8, 0x2,
    0xf4, 0x0, 0x0, 0x9, 0xd0, 0x8f, 0x0, 0x0,
    0x0, 0x4f, 0x30,

    /* U+0101 "ā" */
    0x0, 0xbf, 0xff, 0x90, 0x0, 0x2, 0x33, 0x31,
    0x0, 0x0, 0x0, 0x0, 0x0, 0x0, 0x8, 0xdf,
    0xc4, 0x0, 0x9, 0xf7, 0x5a, 0xf3, 0x0, 0xc6,
    0x0, 0xc, 0x90, 0x0, 0x0, 0x25, 0xdb, 0x0,
    0x2b, 0xff, 0xcd, 0xb0, 0x1e, 0x92, 0x0, 0xab,
    0x4, 0xf2, 0x0, 0x1f, 0xb0, 0x1f, 0xc7, 0x8e,
    0xde, 0x30, 0x5d, 0xfd, 0x63, 0xe7,

    /* U+0102 "Ă" */
    0x0, 0xc, 0x40, 0x97, 0x0, 0x0, 0x0, 0x3e,
    0xfc, 0x0, 0x0, 0x0, 0x0, 0x1, 0x0, 0x0,
    0x0, 0x0, 0xc, 0xf6, 0x0, 0x0, 0x0, 0x1,
    0xfc, 0xc0, 0x0, 0x0, 0x0, 0x7e, 0x3f, 0x10,
    0x0, 0x0, 0xc, 0x90, 0xe7, 0x0, 0x0, 0x1,
    0xf3, 0x8, 0xc0, 0x0, 0x0, 0x7e, 0x0, 0x3f,
    0x20, 0x0, 0xc, 0x91, 0x11, 0xe7, 0x0, 0x2,
    0xff, 0xff, 0xff, 0xd0, 0x0, 0x7e, 0x44, 0x44,
    0x6f, 0x20, 0xd, 0x90, 0x0, 0x0, 0xe8, 0x2,
    0xf4, 0x0, 0x0, 0x9, 0xd0, 0x8f, 0x0, 0x0,
    0x0, 0x4f, 0x30,

    /* U+0103 "ă" */
    0x0, 0xa6, 0x7, 0x80, 0x0, 0x3, 0xef, 0xd1,
    0x0, 0x0, 0x0, 0x10, 0x0, 0x0, 0x8, 0xdf,
    0xc4, 0x0, 0x9, 0xf7, 0x5a, 0xf3, 0x0, 0xc6,
    0x0, 0xc, 0x90, 0x0, 0x0, 0x25, 0xdb, 0x0,
    0x2b, 0xff, 0xcd, 0xb0, 0x1e, 0x92, 0x0, 0xab,
    0x4, 0xf2, 0x0, 0x1f, 0xb0, 0x1f, 0xc7, 0x8e,
    0xde, 0x30, 0x5d, 0xfd, 0x63, 0xe7,

    /* U+0104 "Ą" */
    0x0, 0x0, 0xcf, 0x60, 0x0, 0x0, 0x0, 0x1f,
    0xcc, 0x0, 0x0, 0x0, 0x7, 0xe3, 0xf1, 0x0,
    0x0, 0x0, 0xc9, 0xe, 0x70, 0x0, 0x0, 0x1f,
    0x30, 0x8c, 0x0, 0x0, 0x7, 0xe0, 0x3, 0xf2,
    0x0, 0x0, 0xc9, 0x11, 0x1e, 0x70, 0x0, 0x2f,
    0xff, 0xff, 0xfd, 0x0, 0x7, 0xe4, 0x44, 0x46,
    0xf2, 0x0, 0xd9, 0x0, 0x0, 0xe, 0x80, 0x2f,
    0x40, 0x0, 0x0, 0x9d, 0x8, 0xf0, 0x0, 0x0,
    0x4, 0xf3, 0x0, 0x0, 0x0, 0x0, 0x3d, 0x10,
    0x0, 0x0, 0x0, 0xc, 0x60, 0x0, 0x0, 0x0,
    0x0, 0xcf, 0xb0, 0x0, 0x0, 0x0, 0x0, 0x20,

    /* U+0105 "ą" */
    0x0, 0x8d, 0xfc, 0x40, 0x0, 0x9, 0xf7, 0x5a,
    0xf3, 0x0, 0xc, 0x60, 0x0, 0xc9, 0x0, 0x0,
    0x0, 0x25, 0xdb, 0x0, 0x2, 0xbf, 0xfc, 0xdb,
    0x0, 0x1e, 0x92, 0x0, 0xab, 0x0, 0x4f, 0x20,
    0x1, 0xfb, 0x0, 0x1f, 0xc7, 0x8e, 0xde, 0x30,
    0x5, 0xdf, 0xd6, 0x3f, 0x90, 0x0, 0x0, 0x0,
    0x2e, 0x10, 0x0, 0x0, 0x0, 0xa8, 0x10, 0x0,
    0x0, 0x0, 0x9f, 0xe0, 0x0, 0x0, 0x0, 0x1,
    0x0,

    /* U+0106 "Ć" */
    0x0, 0x0, 0x0, 0x11, 0x0, 0x0, 0x0, 0x0,
    0x1f, 0x50, 0x0, 0x0, 0x0, 0x8, 0xa0, 0x0,
    0x0, 0x0, 0x0, 0x0, 0x0, 0x0, 0x0, 0x6,
    0xcf, 0xfc, 0x40, 0x0, 0xb, 0xfb, 0x77, 0xcf,
    0x50, 0x6, 0xf5, 0x0, 0x0, 0xaf, 0x0, 0xda,
    0x0, 0x0, 0x1, 0xf5, 0x2f, 0x50, 0x0, 0x0,
    0x0, 0x3, 0xf3, 0x0, 0x0, 0x0, 0x0, 0x3f,
    0x30, 0x0, 0x0, 0x0, 0x2, 0xf5, 0x0, 0x0,
    0x0, 0x32, 0xd, 0xa0, 0x0, 0x0, 0x1f, 0x60,
    0x7f, 0x50, 0x0, 0xa, 0xf1, 0x0, 0xbf, 0xa7,
    0x7c, 0xf5, 0x0, 0x0, 0x6c, 0xfe, 0xb4, 0x0,

    /* U+0107 "ć" */
    0x0, 0x0, 0x3f, 0x30, 0x0, 0x0, 0xb, 0x80,
    0x0, 0x0, 0x0, 0x10, 0x0, 0x0, 0x5, 0xdf,
    0xd7, 0x0, 0x6, 0xfa, 0x68, 0xf9, 0x0, 0xe9,
    0x0, 0x7, 0xf0, 0x3f, 0x30, 0x0, 0x1, 0x4,
    0xf2, 0x0, 0x0, 0x0, 0x3f, 0x30, 0x0, 0x3,
    0x0, 0xe9, 0x0, 0x7, 0xf0, 0x6, 0xfa, 0x58,
    0xf7, 0x0, 0x6, 0xdf, 0xd7, 0x0,

    /* U+0108 "Ĉ" */
    0x0, 0x0, 0x7, 0x50, 0x0, 0x0, 0x0, 0x8,
    0xce, 0x20, 0x0, 0x0, 0x2, 0xe1, 0x7b, 0x0,
    0x0, 0x0, 0x0, 0x0, 0x0, 0x0, 0x0, 0x6,
    0xcf, 0xfc, 0x40, 0x0, 0xb, 0xfb, 0x77, 0xcf,
    0x50, 0x6, 0xf5, 0x0, 0x0, 0xaf, 0x0, 0xda,
    0x0, 0x0, 0x1, 0xf5, 0x2f, 0x50, 0x0, 0x0,
    0x0, 0x3, 0xf3, 0x0, 0x0, 0x0, 0x0, 0x3f,
    0x30, 0x0, 0x0, 0x0, 0x2, 0xf5, 0x0, 0x0,
    0x0, 0x32, 0xd, 0xa0, 0x0, 0x0, 0x1f, 0x60,
    0x7f, 0x50, 0x0, 0xa, 0xf1, 0x0, 0xbf, 0xa7,
    0x7c, 0xf5, 0x0, 0x0, 0x6c, 0xfe, 0xb4, 0x0,

    /* U+0109 "ĉ" */
    0x0, 0x8, 0xea, 0x0, 0x0, 0x3, 0xe1, 0xc5,
    0x0, 0x0, 0x0, 0x0, 0x10, 0x0, 0x5, 0xdf,
    0xd7, 0x0, 0x6, 0xfa, 0x68, 0xf9, 0x0, 0xe9,
    0x0, 0x7, 0xf0, 0x3f, 0x30, 0x0, 0x1, 0x4,
    0xf2, 0x0, 0x0, 0x0, 0x3f, 0x30, 0x0, 0x3,
    0x0, 0xe9, 0x0, 0x7, 0xf0, 0x6, 0xfa, 0x58,
    0xf7, 0x0, 0x6, 0xdf, 0xd7, 0x0,

    /* U+010A "Ċ" */
    0x0, 0x0, 0xe, 0x80, 0x0, 0x0, 0x0, 0x0,
    0x95, 0x0, 0x0, 0x0, 0x0, 0x0, 0x0, 0x0,
    0x0, 0x0, 0x6c, 0xff, 0xc4, 0x0, 0x0, 0xbf,
    0xb7, 0x7c, 0xf5, 0x0, 0x6f, 0x50, 0x0, 0xa,
    0xf0, 0xd, 0xa0, 0x0, 0x0, 0x1f, 0x52, 0xf5,
    0x0, 0x0, 0x0, 0x0, 0x3f, 0x30, 0x0, 0x0,
    0x0, 0x3, 0xf3, 0x0, 0x0, 0x0, 0x0, 0x2f,
    0x50, 0x0, 0x0, 0x3, 0x20, 0xda, 0x0, 0x0,
    0x1, 0xf6, 0x7, 0xf5, 0x0, 0x0, 0xaf, 0x10,
    0xb, 0xfa, 0x77, 0xcf, 0x50, 0x0, 0x6, 0xcf,
    0xeb, 0x40, 0x0,

    /* U+010B "ċ" */
    0x0, 0x1, 0xf4, 0x0, 0x0, 0x0, 0x1a, 0x30,
    0x0, 0x0, 0x0, 0x0, 0x0, 0x0, 0x5, 0xdf,
    0xd7, 0x0, 0x6, 0xfa, 0x68, 0xf9, 0x0, 0xe9,
    0x0, 0x7, 0xf0, 0x3f, 0x30, 0x0, 0x1, 0x4,
    0xf2, 0x0, 0x0, 0x0, 0x3f, 0x30, 0x0, 0x3,
    0x0, 0xe9, 0x0, 0x7, 0xf0, 0x6, 0xfa, 0x58,
    0xf7, 0x0, 0x6, 0xdf, 0xd7, 0x0,

    /* U+010C "Č" */
    0x0, 0x2, 0x70, 0x26, 0x0, 0x0, 0x0, 0xd,
    0x5c, 0x60, 0x0, 0x0, 0x0, 0x3f, 0xd0, 0x0,
    0x0, 0x0, 0x0, 0x0, 0x0, 0x0, 0x0, 0x6,
    0xcf, 0xfc, 0x40, 0x0, 0xb, 0xfb, 0x77, 0xcf,
    0x50, 0x6, 0xf5, 0x0, 0x0, 0xaf, 0x0, 0xda,
    0x0, 0x0, 0x1, 0xf5, 0x2f, 0x50, 0x0, 0x0,
    0x0, 0x3, 0xf3, 0x0, 0x0, 0x0, 0x0, 0x3f,
    0x30, 0x0, 0x0, 0x0, 0x2, 0xf5, 0x0, 0x0,
    0x0, 0x32, 0xd, 0xa0, 0x0, 0x0, 0x1f, 0x60,
    0x7f, 0x50, 0x0, 0xa, 0xf1, 0x0, 0xbf, 0xa7,
    0x7c, 0xf5, 0x0, 0x0, 0x6c, 0xfe, 0xb4, 0x0,

    /* U+010D "č" */
    0x0, 0x4d, 0xb, 0x70, 0x0, 0x0, 0x9d, 0xc0,
    0x0, 0x0, 0x0, 0x10, 0x0, 0x0, 0x5, 0xdf,
    0xd7, 0x0, 0x6, 0xfa, 0x68, 0xf9, 0x0, 0xe9,
    0x0, 0x7, 0xf0, 0x3f, 0x30, 0x0, 0x1, 0x4,
    0xf2, 0x0, 0x0, 0x0, 0x3f, 0x30, 0x0, 0x3,
    0x0, 0xe9, 0x0, 0x7, 0xf0, 0x6, 0xfa, 0x58,
    0xf7, 0x0, 0x6, 0xdf, 0xd7, 0x0,

    /* U+010E "Ď" */
    0x0, 0xa7, 0x3e, 0x10, 0x0, 0x0, 0x1d, 0xe4,
    0x0, 0x0, 0x0, 0x0, 0x0, 0x0, 0x0, 0x8f,
    0xff, 0xfd, 0x70, 0x0, 0x8e, 0x66, 0x7a, 0xfd,
    0x10, 0x8d, 0x0, 0x0, 0x2e, 0xa0, 0x8d, 0x0,
    0x0, 0x7, 0xf1, 0x8d, 0x0, 0x0, 0x2, 0xf5,
    0x8d, 0x0, 0x0, 0x0, 0xf6, 0x8d, 0x0, 0x0,
    0x0, 0xf6, 0x8d, 0x0, 0x0, 0x2, 0xf5, 0x8d,
    0x0, 0x0, 0x6, 0xf1, 0x8d, 0x0, 0x0, 0x2e,
    0xa0, 0x8e, 0x66, 0x69, 0xfd, 0x10, 0x8f, 0xff,
    0xfd, 0x81, 0x0,

    /* U+010F "ď" */
    0x0, 0x0, 0x0, 0x1f, 0x37, 0xc0, 0x0, 0x0,
    0x1, 0xf3, 0x99, 0x0, 0x0, 0x0, 0x1f, 0x3b,
    0x60, 0x7, 0xef, 0xc5, 0xf3, 0xd3, 0x8, 0xf7,
    0x26, 0xff, 0x31, 0x0, 0xf8, 0x0, 0x7, 0xf3,
    0x0, 0x3f, 0x30, 0x0, 0x3f, 0x30, 0x4, 0xf2,
    0x0, 0x2, 0xf3, 0x0, 0x3f, 0x40, 0x0, 0x3f,
    0x30, 0x0, 0xfa, 0x0, 0x9, 0xf3, 0x0, 0x8,
    0xfa, 0x69, 0xef, 0x30, 0x0, 0x7, 0xef, 0xc2,
    0xf3, 0x0,

    /* U+0110 "Đ" */
    0x8, 0xff, 0xff, 0xd7, 0x0, 0x0, 0x8e, 0x66,
    0x7a, 0xfd, 0x10, 0x8, 0xd0, 0x0, 0x2, 0xea,
    0x0, 0x8d, 0x0, 0x0, 0x7, 0xf1, 0x8, 0xd0,
    0x0, 0x0, 0x2f, 0x50, 0x9e, 0x0, 0x0, 0x0,
    0xf6, 0xbf, 0xff, 0xff, 0x10, 0xf, 0x62, 0xcf,
    0x33, 0x30, 0x2, 0xf5, 0x8, 0xd0, 0x0, 0x0,
    0x6f, 0x10, 0x8d, 0x0, 0x0, 0x2e, 0xa0, 0x8,
    0xe6, 0x66, 0x9f, 0xd1, 0x0, 0x8f, 0xff, 0xfd,
    0x81, 0x0,

    /* U+0111 "đ" */
    0x0, 0x0, 0x0, 0x1f, 0x30, 0x0, 0x0, 0x7f,
    0xff, 0xf4, 0x0, 0x0, 0x12, 0x4f, 0x60, 0x0,
    0x7e, 0xfb, 0x4f, 0x30, 0x8, 0xfa, 0x69, 0xef,
    0x30, 0xf, 0x90, 0x0, 0x9f, 0x30, 0x3f, 0x30,
    0x0, 0x3f, 0x30, 0x4f, 0x20, 0x0, 0x2f, 0x30,
    0x3f, 0x30, 0x0, 0x3f, 0x30, 0xf, 0x90, 0x0,
    0x9f, 0x30, 0x8, 0xfa, 0x69, 0xef, 0x30, 0x0,
    0x7e, 0xfc, 0x2f, 0x30,

    /* U+0112 "Ē" */
    0x1, 0xff, 0xff, 0x30, 0x0, 0x33, 0x33, 0x0,
    0x0, 0x0, 0x0, 0x0, 0x8f, 0xff, 0xff, 0xf9,
    0x8e, 0x66, 0x66, 0x63, 0x8d, 0x0, 0x0, 0x0,
    0x8d, 0x0, 0x0, 0x0, 0x8d, 0x11, 0x11, 0x10,
    0x8f, 0xff, 0xff, 0xf6, 0x8e, 0x44, 0x44, 0x41,
    0x8d, 0x0, 0x0, 0x0, 0x8d, 0x0, 0x0, 0x0,
    0x8d, 0x0, 0x0, 0x0, 0x8e, 0x66, 0x66, 0x64,
    0x8f, 0xff, 0xff, 0xfb,

    /* U+0113 "ē" */
    0x0, 0x8f, 0xff, 0xb0, 0x0, 0x1, 0x33, 0x32,
    0x0, 0x0, 0x0, 0x0, 0x0, 0x0, 0x6, 0xdf,
    0xd5, 0x0, 0x6, 0xf9, 0x69, 0xf5, 0x0, 0xe9,
    0x0, 0x9, 0xe0, 0x3f, 0x30, 0x0, 0x4f, 0x24,
    0xff, 0xff, 0xff, 0xf3, 0x3f, 0x53, 0x33, 0x33,
    0x0, 0xe7, 0x0, 0x4, 0x80, 0x6, 0xf9, 0x57,
    0xf9, 0x0, 0x6, 0xdf, 0xd7, 0x0,

    /* U+0116 "Ė" */
    0x0, 0x6, 0x70, 0x0, 0x0, 0xa, 0xc0, 0x0,
    0x0, 0x0, 0x0, 0x0, 0x8f, 0xff, 0xff, 0xf9,
    0x8e, 0x66, 0x66, 0x63, 0x8d, 0x0, 0x0, 0x0,
    0x8d, 0x0, 0x0, 0x0, 0x8d, 0x11, 0x11, 0x10,
    0x8f, 0xff, 0xff, 0xf6, 0x8e, 0x44, 0x44, 0x41,
    0x8d, 0x0, 0x0, 0x0, 0x8d, 0x0, 0x0, 0x0,
    0x8d, 0x0, 0x0, 0x0, 0x8e, 0x66, 0x66, 0x64,
    0x8f, 0xff, 0xff, 0xfb,

    /* U+0117 "ė" */
    0x0, 0x1, 0xf4, 0x0, 0x0, 0x0, 0x1a, 0x20,
    0x0, 0x0, 0x0, 0x0, 0x0, 0x0, 0x6, 0xdf,
    0xd5, 0x0, 0x6, 0xf9, 0x69, 0xf5, 0x0, 0xe9,
    0x0, 0x9, 0xe0, 0x3f, 0x30, 0x0, 0x4f, 0x24,
    0xff, 0xff, 0xff, 0xf3, 0x3f, 0x53, 0x33, 0x33,
    0x0, 0xe7, 0x0, 0x4, 0x80, 0x6, 0xf9, 0x57,
    0xf9, 0x0, 0x6, 0xdf, 0xd7, 0x0,

    /* U+0118 "Ę" */
    0x8f, 0xff, 0xff, 0xf9, 0x8, 0xe6, 0x66, 0x66,
    0x30, 0x8d, 0x0, 0x0, 0x0, 0x8, 0xd0, 0x0,
    0x0, 0x0, 0x8d, 0x11, 0x11, 0x10, 0x8, 0xff,
    0xff, 0xff, 0x60, 0x8e, 0x44, 0x44, 0x41, 0x8,
    0xd0, 0x0, 0x0, 0x0, 0x8d, 0x0, 0x0, 0x0,
    0x8, 0xd0, 0x0, 0x0, 0x0, 0x8e, 0x66, 0x66,
    0x64, 0x8, 0xff, 0xff, 0xff, 0xd0, 0x0, 0x0,
    0x0, 0xc5, 0x0, 0x0, 0x0, 0x6c, 0x0, 0x0,
    0x0, 0x6, 0xff, 0x20, 0x0, 0x0, 0x1, 0x10,

    /* U+0119 "ę" */
    0x0, 0x6d, 0xfd, 0x50, 0x0, 0x6f, 0x96, 0x9f,
    0x50, 0xe, 0x90, 0x0, 0x9e, 0x3, 0xf3, 0x0,
    0x4, 0xf2, 0x4f, 0xff, 0xff, 0xff, 0x33, 0xf5,
    0x33, 0x33, 0x30, 0xe, 0x70, 0x0, 0x49, 0x0,
    0x6f, 0x95, 0x7f, 0xa0, 0x0, 0x6d, 0xff, 0xd0,
    0x0, 0x0, 0x3, 0xe1, 0x0, 0x0, 0x0, 0x8a,
    0x10, 0x0, 0x0, 0x6, 0xff, 0x0, 0x0, 0x0,
    0x1, 0x0, 0x0,

    /* U+011A "Ě" */
    0x0, 0xc6, 0x4d, 0x0, 0x0, 0x1e, 0xe3, 0x0,
    0x0, 0x0, 0x0, 0x0, 0x8f, 0xff, 0xff, 0xf9,
    0x8e, 0x66, 0x66, 0x63, 0x8d, 0x0, 0x0, 0x0,
    0x8d, 0x0, 0x0, 0x0, 0x8d, 0x11, 0x11, 0x10,
    0x8f, 0xff, 0xff, 0xf6, 0x8e, 0x44, 0x44, 0x41,
    0x8d, 0x0, 0x0, 0x0, 0x8d, 0x0, 0x0, 0x0,
    0x8d, 0x0, 0x0, 0x0, 0x8e, 0x66, 0x66, 0x64,
    0x8f, 0xff, 0xff, 0xfb,

    /* U+011B "ě" */
    0x0, 0x4d, 0xb, 0x70, 0x0, 0x0, 0x9d, 0xc0,
    0x0, 0x0, 0x0, 0x20, 0x0, 0x0, 0x6, 0xdf,
    0xd5, 0x0, 0x6, 0xf9, 0x69, 0xf5, 0x0, 0xe9,
    0x0, 0x9, 0xe0, 0x3f, 0x30, 0x0, 0x4f, 0x24,
    0xff, 0xff, 0xff, 0xf3, 0x3f, 0x53, 0x33, 0x33,
    0x0, 0xe7, 0x0, 0x4, 0x80, 0x6, 0xf9, 0x57,
    0xf9, 0x0, 0x6, 0xdf, 0xd7, 0x0,

    /* U+011C "Ĝ" */
    0x0, 0x0, 0x7, 0x50, 0x0, 0x0, 0x0, 0x8,
    0xce, 0x20, 0x0, 0x0, 0x1, 0xe1, 0x6b, 0x0,
    0x0, 0x0, 0x0, 0x0, 0x0, 0x0, 0x0, 0x6,
    0xcf, 0xeb, 0x30, 0x0, 0xa, 0xfa, 0x77, 0xcf,
    0x40, 0x6, 0xf4, 0x0, 0x0, 0xae, 0x0, 0xda,
    0x0, 0x0, 0x2, 0xd3, 0x1f, 0x50, 0x0, 0x0,
    0x0, 0x3, 0xf3, 0x0, 0x1, 0x11, 0x10, 0x3f,
    0x30, 0x2, 0xff, 0xff, 0x62, 0xf5, 0x0, 0x4,
    0x44, 0xf6, 0xd, 0x90, 0x0, 0x0, 0x2f, 0x60,
    0x7f, 0x40, 0x0, 0xb, 0xf6, 0x0, 0xbf, 0xa6,
    0x7d, 0xcb, 0x60, 0x0, 0x7d, 0xfe, 0x90, 0xa6,

    /* U+011D "ĝ" */
    0x0, 0x9, 0xe9, 0x0, 0x0, 0x3, 0xd1, 0xd4,
    0x0, 0x0, 0x10, 0x0, 0x10, 0x0, 0x7, 0xdf,
    0xc3, 0xf3, 0x8, 0xf9, 0x69, 0xef, 0x30, 0xf8,
    0x0, 0x8, 0xf3, 0x3f, 0x30, 0x0, 0x3f, 0x34,
    0xf2, 0x0, 0x2, 0xf3, 0x1f, 0x60, 0x0, 0x6f,
    0x30, 0xae, 0x51, 0x5e, 0xf3, 0x0, 0xaf, 0xff,
    0x7f, 0x30, 0x52, 0x13, 0x4, 0xf1, 0xa, 0xe7,
    0x57, 0xeb, 0x0, 0x8, 0xdf, 0xd8, 0x10,

    /* U+011E "Ğ" */
    0x0, 0x3, 0x40, 0x7, 0x0, 0x0, 0x0, 0x3d,
    0x3, 0xd0, 0x0, 0x0, 0x0, 0x9f, 0xe4, 0x0,
    0x0, 0x0, 0x0, 0x0, 0x0, 0x0, 0x0, 0x6,
    0xcf, 0xeb, 0x30, 0x0, 0xa, 0xfa, 0x77, 0xcf,
    0x40, 0x6, 0xf4, 0x0, 0x0, 0xae, 0x0, 0xda,
    0x0, 0x0, 0x2, 0xd3, 0x1f, 0x50, 0x0, 0x0,
    0x0, 0x3, 0xf3, 0x0, 0x1, 0x11, 0x10, 0x3f,
    0x30, 0x2, 0xff, 0xff, 0x62, 0xf5, 0x0, 0x4,
    0x44, 0xf6, 0xd, 0x90, 0x0, 0x0, 0x2f, 0x60,
    0x7f, 0x40, 0x0, 0xb, 0xf6, 0x0, 0xbf, 0xa6,
    0x7d, 0xcb, 0x60, 0x0, 0x7d, 0xfe, 0x90, 0xa6,

    /* U+011F "ğ" */
    0x0, 0x6e, 0xee, 0x60, 0x0, 0x0, 0x1, 0x0,
    0x0, 0x0, 0x0, 0x0, 0x0, 0x0, 0x7, 0xdf,
    0xc3, 0xf3, 0x8, 0xf9, 0x69, 0xef, 0x30, 0xf8,
    0x0, 0x8, 0xf3, 0x3f, 0x30, 0x0, 0x3f, 0x34,
    0xf2, 0x0, 0x2, 0xf3, 0x1f, 0x60, 0x0, 0x6f,
    0x30, 0xae, 0x51, 0x5e, 0xf3, 0x0, 0xaf, 0xff,
    0x7f, 0x30, 0x52, 0x13, 0x4, 0xf1, 0xa, 0xe7,
    0x57, 0xeb, 0x0, 0x8, 0xdf, 0xd8, 0x10,

    /* U+0120 "Ġ" */
    0x0, 0x0, 0xe, 0x80, 0x0, 0x0, 0x0, 0x0,
    0x85, 0x0, 0x0, 0x0, 0x0, 0x0, 0x0, 0x0,
    0x0, 0x0, 0x6c, 0xfe, 0xb3, 0x0, 0x0, 0xaf,
    0xa7, 0x7c, 0xf4, 0x0, 0x6f, 0x40, 0x0, 0xa,
    0xe0, 0xd, 0xa0, 0x0, 0x0, 0x2d, 0x31, 0xf5,
    0x0, 0x0, 0x0, 0x0, 0x3f, 0x30, 0x0, 0x11,
    0x11, 0x3, 0xf3, 0x0, 0x2f, 0xff, 0xf6, 0x2f,
    0x50, 0x0, 0x44, 0x4f, 0x60, 0xd9, 0x0, 0x0,
    0x2, 0xf6, 0x7, 0xf4, 0x0, 0x0, 0xbf, 0x60,
    0xb, 0xfa, 0x67, 0xdc, 0xb6, 0x0, 0x7, 0xdf,
    0xe9, 0xa, 0x60,

    /* U+0121 "ġ" */
    0x0, 0x2, 0xf3, 0x0, 0x0, 0x0, 0x1a, 0x20,
    0x0, 0x0, 0x0, 0x0, 0x0, 0x0, 0x7, 0xdf,
    0xc3, 0xf3, 0x8, 0xf9, 0x69, 0xef, 0x30, 0xf8,
    0x0, 0x8, 0xf3, 0x3f, 0x30, 0x0, 0x3f, 0x34,
    0xf2, 0x0, 0x2, 0xf3, 0x1f, 0x60, 0x0, 0x6f,
    0x30, 0xae, 0x51, 0x5e, 0xf3, 0x0, 0xaf, 0xff,
    0x7f, 0x30, 0x52, 0x13, 0x4, 0xf1, 0xa, 0xe7,
    0x57, 0xeb, 0x0, 0x8, 0xdf, 0xd8, 0x10,

    /* U+0122 "Ģ" */
    0x0, 0x6, 0xcf, 0xeb, 0x30, 0x0, 0xa, 0xfa,
    0x77, 0xcf, 0x40, 0x6, 0xf4, 0x0, 0x0, 0xae,
    0x0, 0xda, 0x0, 0x0, 0x2, 0xd3, 0x1f, 0x50,
    0x0, 0x0, 0x0, 0x3, 0xf3, 0x0, 0x1, 0x11,
    0x10, 0x3f, 0x30, 0x2, 0xff, 0xff, 0x62, 0xf5,
    0x0, 0x4, 0x44, 0xf6, 0xd, 0x90, 0x0, 0x0,
    0x2f, 0x60, 0x7f, 0x40, 0x0, 0xb, 0xf6, 0x0,
    0xbf, 0xa6, 0x7d, 0xcb, 0x60, 0x0, 0x7d, 0xfe,
    0x90, 0xa6, 0x0, 0x0, 0x7, 0x50, 0x0, 0x0,
    0x0, 0x0, 0xfa, 0x0, 0x0, 0x0, 0x0, 0xa,
    0x40, 0x0, 0x0, 0x0, 0x0, 0x60, 0x0, 0x0,

    /* U+0123 "ģ" */
    0x0, 0x0, 0x85, 0x0, 0x0, 0x0, 0x1d, 0x0,
    0x0, 0x0, 0x4, 0xf4, 0x0, 0x0, 0x0, 0x27,
    0x20, 0x0, 0x0, 0x0, 0x0, 0x0, 0x0, 0x7,
    0xdf, 0xc3, 0xf3, 0x8, 0xf9, 0x69, 0xef, 0x30,
    0xf8, 0x0, 0x8, 0xf3, 0x3f, 0x30, 0x0, 0x3f,
    0x34, 0xf2, 0x0, 0x2, 0xf3, 0x1f, 0x60, 0x0,
    0x6f, 0x30, 0xae, 0x51, 0x5e, 0xf3, 0x0, 0xaf,
    0xff, 0x7f, 0x30, 0x52, 0x13, 0x4, 0xf1, 0xa,
    0xe7, 0x57, 0xeb, 0x0, 0x8, 0xdf, 0xd8, 0x10,

    /* U+0124 "Ĥ" */
    0x0, 0x6, 0xec, 0x0, 0x0, 0x2, 0xe1, 0x98,
    0x0, 0x0, 0x0, 0x0, 0x0, 0x8, 0xd0, 0x0,
    0x0, 0x7f, 0x8d, 0x0, 0x0, 0x7, 0xf8, 0xd0,
    0x0, 0x0, 0x7f, 0x8d, 0x0, 0x0, 0x7, 0xf8,
    0xd1, 0x11, 0x11, 0x7f, 0x8f, 0xff, 0xff, 0xff,
    0xf8, 0xe4, 0x44, 0x44, 0x9f, 0x8d, 0x0, 0x0,
    0x7, 0xf8, 0xd0, 0x0, 0x0, 0x7f, 0x8d, 0x0,
    0x0, 0x7, 0xf8, 0xd0, 0x0, 0x0, 0x7f, 0x8d,
    0x0, 0x0, 0x7, 0xf0,

    /* U+0125 "ĥ" */
    0x1, 0xfe, 0x10, 0x0, 0x0, 0xa, 0x89, 0x90,
    0x0, 0x0, 0x7, 0x1, 0x70, 0x0, 0x0, 0x0,
    0xba, 0x0, 0x0, 0x0, 0x0, 0xba, 0x0, 0x0,
    0x0, 0x0, 0xba, 0x0, 0x0, 0x0, 0x0, 0xba,
    0x7e, 0xea, 0x0, 0x0, 0xbe, 0xb4, 0x6f, 0x90,
    0x0, 0xbe, 0x0, 0x8, 0xe0, 0x0, 0xba, 0x0,
    0x5, 0xf0, 0x0, 0xba, 0x0, 0x5, 0xf0, 0x0,
    0xba, 0x0, 0x5, 0xf0, 0x0, 0xba, 0x0, 0x5,
    0xf0, 0x0, 0xba, 0x0, 0x5, 0xf0, 0x0, 0xba,
    0x0, 0x5, 0xf0,

    /* U+0126 "Ħ" */
    0x8, 0xd0, 0x0, 0x0, 0x7f, 0x0, 0x9, 0xe1,
    0x11, 0x11, 0x8f, 0x10, 0xbf, 0xff, 0xff, 0xff,
    0xff, 0xf2, 0x2c, 0xf4, 0x44, 0x44, 0xbf, 0x40,
    0x8, 0xd1, 0x11, 0x11, 0x7f, 0x0, 0x8, 0xff,
    0xff, 0xff, 0xff, 0x0, 0x8, 0xe4, 0x44, 0x44,
    0x9f, 0x0, 0x8, 0xd0, 0x0, 0x0, 0x7f, 0x0,
    0x8, 0xd0, 0x0, 0x0, 0x7f, 0x0, 0x8, 0xd0,
    0x0, 0x0, 0x7f, 0x0, 0x8, 0xd0, 0x0, 0x0,
    0x7f, 0x0, 0x8, 0xd0, 0x0, 0x0, 0x7f, 0x0,

    /* U+0127 "ħ" */
    0xb, 0xa0, 0x0, 0x0, 0xd, 0xff, 0xfe, 0x0,
    0x0, 0x2e, 0xc2, 0x20, 0x0, 0x0, 0xba, 0x7e,
    0xea, 0x0, 0xb, 0xeb, 0x46, 0xf9, 0x0, 0xbe,
    0x0, 0x8, 0xe0, 0xb, 0xa0, 0x0, 0x5f, 0x0,
    0xba, 0x0, 0x5, 0xf0, 0xb, 0xa0, 0x0, 0x5f,
    0x0, 0xba, 0x0, 0x5, 0xf0, 0xb, 0xa0, 0x0,
    0x5f, 0x0, 0xba, 0x0, 0x5, 0xf0,

    /* U+0128 "Ĩ" */
    0xb, 0xd4, 0x48, 0x49, 0x2b, 0xd2, 0x0, 0x0,
    0x0, 0x0, 0x8d, 0x0, 0x0, 0x8d, 0x0, 0x0,
    0x8d, 0x0, 0x0, 0x8d, 0x0, 0x0, 0x8d, 0x0,
    0x0, 0x8d, 0x0, 0x0, 0x8d, 0x0, 0x0, 0x8d,
    0x0, 0x0, 0x8d, 0x0, 0x0, 0x8d, 0x0, 0x0,
    0x8d, 0x0, 0x0, 0x8d, 0x0,

    /* U+0129 "ĩ" */
    0x2d, 0xd3, 0x86, 0x75, 0x3d, 0xc0, 0x0, 0x0,
    0x0, 0x0, 0xba, 0x0, 0x0, 0xba, 0x0, 0x0,
    0xba, 0x0, 0x0, 0xba, 0x0, 0x0, 0xba, 0x0,
    0x0, 0xba, 0x0, 0x0, 0xba, 0x0, 0x0, 0xba,
    0x0, 0x0, 0xba, 0x0,

    /* U+012A "Ī" */
    0xff, 0xff, 0x42, 0x33, 0x30, 0x0, 0x0, 0x0,
    0x8d, 0x0, 0x8, 0xd0, 0x0, 0x8d, 0x0, 0x8,
    0xd0, 0x0, 0x8d, 0x0, 0x8, 0xd0, 0x0, 0x8d,
    0x0, 0x8, 0xd0, 0x0, 0x8d, 0x0, 0x8, 0xd0,
    0x0, 0x8d, 0x0, 0x8, 0xd0, 0x0,

    /* U+012B "ī" */
    0x3f, 0xff, 0xf1, 0x3, 0x33, 0x30, 0x0, 0x0,
    0x0, 0x0, 0xba, 0x0, 0x0, 0xba, 0x0, 0x0,
    0xba, 0x0, 0x0, 0xba, 0x0, 0x0, 0xba, 0x0,
    0x0, 0xba, 0x0, 0x0, 0xba, 0x0, 0x0, 0xba,
    0x0, 0x0, 0xba, 0x0,

    /* U+012E "Į" */
    0x8, 0xd0, 0x8, 0xd0, 0x8, 0xd0, 0x8, 0xd0,
    0x8, 0xd0, 0x8, 0xd0, 0x8, 0xd0, 0x8, 0xd0,
    0x8, 0xd0, 0x8, 0xd0, 0x8, 0xd0, 0x9, 0xf0,
    0xa, 0x70, 0x4e, 0x0, 0x4f, 0xf3, 0x1, 0x10,

    /* U+012F "į" */
    0xc, 0xa0, 0x7, 0x60, 0x0, 0x0, 0xb, 0xa0,
    0xb, 0xa0, 0xb, 0xa0, 0xb, 0xa0, 0xb, 0xa0,
    0xb, 0xa0, 0xb, 0xa0, 0xb, 0xa0, 0xd, 0xb0,
    0xd, 0x30, 0x8a, 0x0, 0x8f, 0xf0, 0x1, 0x0,

    /* U+0130 "İ" */
    0x58, 0x8d, 0x0, 0x8d, 0x8d, 0x8d, 0x8d, 0x8d,
    0x8d, 0x8d, 0x8d, 0x8d, 0x8d, 0x8d, 0x8d,

    /* U+0131 "ı" */
    0xba, 0xba, 0xba, 0xba, 0xba, 0xba, 0xba, 0xba,
    0xba,

    /* U+0132 "Ĳ" */
    0x8d, 0x0, 0x0, 0x0, 0x1, 0xf5, 0x8d, 0x0,
    0x0, 0x0, 0x1, 0xf5, 0x8d, 0x0, 0x0, 0x0,
    0x1, 0xf5, 0x8d, 0x0, 0x0, 0x0, 0x1, 0xf5,
    0x8d, 0x0, 0x0, 0x0, 0x1, 0xf5, 0x8d, 0x0,
    0x0, 0x0, 0x1, 0xf5, 0x8d, 0x0, 0x0, 0x0,
    0x1, 0xf5, 0x8d, 0x0, 0x21, 0x0, 0x1, 0xf4,
    0x8d, 0x0, 0xd9, 0x0, 0x2, 0xf3, 0x8d, 0x0,
    0xad, 0x0, 0x7, 0xf0, 0x8d, 0x0, 0x2f, 0xc7,
    0x9f, 0x80, 0x8d, 0x0, 0x3, 0xcf, 0xe7, 0x0,

    /* U+0133 "ĳ" */
    0xca, 0x0, 0xca, 0x76, 0x0, 0x76, 0x0, 0x0,
    0x0, 0xba, 0x0, 0xba, 0xba, 0x0, 0xba, 0xba,
    0x0, 0xba, 0xba, 0x0, 0xba, 0xba, 0x0, 0xba,
    0xba, 0x0, 0xba, 0xba, 0x0, 0xba, 0xba, 0x0,
    0xba, 0xba, 0x0, 0xb9, 0x0, 0x14, 0xe8, 0x0,
    0x5f, 0xd2,

    /* U+0134 "Ĵ" */
    0x0, 0x0, 0x2, 0x84, 0x0, 0x0, 0x0, 0xab,
    0xe0, 0x0, 0x0, 0x4d, 0x9, 0x80, 0x0, 0x0,
    0x0, 0x0, 0x0, 0x0, 0x1, 0xf5, 0x0, 0x0,
    0x0, 0x1f, 0x50, 0x0, 0x0, 0x1, 0xf5, 0x0,
    0x0, 0x0, 0x1f, 0x50, 0x0, 0x0, 0x1, 0xf5,
    0x0, 0x0, 0x0, 0x1f, 0x50, 0x0, 0x0, 0x1,
    0xf5, 0x2, 0x10, 0x0, 0x1f, 0x40, 0xd9, 0x0,
    0x2, 0xf3, 0xa, 0xd0, 0x0, 0x7f, 0x0, 0x2f,
    0xc7, 0x9f, 0x80, 0x0, 0x3c, 0xfe, 0x70, 0x0,

    /* U+0135 "ĵ" */
    0x0, 0xde, 0x50, 0x9, 0x82, 0xd1, 0x0, 0x0,
    0x0, 0x0, 0x7e, 0x0, 0x0, 0x7e, 0x0, 0x0,
    0x7e, 0x0, 0x0, 0x7e, 0x0, 0x0, 0x7e, 0x0,
    0x0, 0x7e, 0x0, 0x0, 0x7e, 0x0, 0x0, 0x7e,
    0x0, 0x0, 0x7d, 0x0, 0x3, 0xbc, 0x0, 0x1f,
    0xe5, 0x0,

    /* U+0136 "Ķ" */
    0x8d, 0x0, 0x0, 0x7f, 0x48, 0xd0, 0x0, 0x5f,
    0x60, 0x8d, 0x0, 0x3f, 0x80, 0x8, 0xd0, 0x2e,
    0xb0, 0x0, 0x8d, 0xd, 0xc0, 0x0, 0x8, 0xdb,
    0xf7, 0x0, 0x0, 0x8f, 0xfa, 0xf2, 0x0, 0x8,
    0xf4, 0xc, 0xd0, 0x0, 0x8d, 0x0, 0x2f, 0x80,
    0x8, 0xd0, 0x0, 0x7f, 0x40, 0x8d, 0x0, 0x0,
    0xbe, 0x18, 0xd0, 0x0, 0x1, 0xea, 0x0, 0x2,
    0x82, 0x0, 0x0, 0x0, 0x4f, 0x50, 0x0, 0x0,
    0x0, 0xd1, 0x0, 0x0, 0x0, 0x34, 0x0, 0x0,

    /* U+0137 "ķ" */
    0xba, 0x0, 0x0, 0x0, 0xba, 0x0, 0x0, 0x0,
    0xba, 0x0, 0x0, 0x0, 0xba, 0x0, 0xa, 0xf2,
    0xba, 0x0, 0x8f, 0x40, 0xba, 0x6, 0xf5, 0x0,
    0xba, 0x4f, 0x80, 0x0, 0xbc, 0xef, 0xa0, 0x0,
    0xbf, 0xa4, 0xf5, 0x0, 0xbc, 0x0, 0x9e, 0x10,
    0xba, 0x0, 0xe, 0xa0, 0xba, 0x0, 0x4, 0xf5,
    0x0, 0x8, 0x40, 0x0, 0x0, 0x1f, 0x80, 0x0,
    0x0, 0xc, 0x20, 0x0, 0x0, 0x15, 0x0, 0x0,

    /* U+0139 "Ĺ" */
    0xa, 0xc0, 0x0, 0x0, 0x2f, 0x20, 0x0, 0x0,
    0x1, 0x0, 0x0, 0x0, 0x8d, 0x0, 0x0, 0x0,
    0x8d, 0x0, 0x0, 0x0, 0x8d, 0x0, 0x0, 0x0,
    0x8d, 0x0, 0x0, 0x0, 0x8d, 0x0, 0x0, 0x0,
    0x8d, 0x0, 0x0, 0x0, 0x8d, 0x0, 0x0, 0x0,
    0x8d, 0x0, 0x0, 0x0, 0x8d, 0x0, 0x0, 0x0,
    0x8d, 0x0, 0x0, 0x0, 0x8e, 0x66, 0x66, 0x63,
    0x8f, 0xff, 0xff, 0xf8,

    /* U+013A "ĺ" */
    0x1, 0x10, 0xd7, 0x6c, 0xb, 0xa0, 0xba, 0xb,
    0xa0, 0xba, 0xb, 0xa0, 0xba, 0xb, 0xa0, 0xba,
    0xb, 0xa0, 0xba, 0xa, 0xc3, 0x4e, 0xe0,

    /* U+013B "Ļ" */
    0x8d, 0x0, 0x0, 0x0, 0x8d, 0x0, 0x0, 0x0,
    0x8d, 0x0, 0x0, 0x0, 0x8d, 0x0, 0x0, 0x0,
    0x8d, 0x0, 0x0, 0x0, 0x8d, 0x0, 0x0, 0x0,
    0x8d, 0x0, 0x0, 0x0, 0x8d, 0x0, 0x0, 0x0,
    0x8d, 0x0, 0x0, 0x0, 0x8d, 0x0, 0x0, 0x0,
    0x8e, 0x66, 0x66, 0x63, 0x8f, 0xff, 0xff, 0xf8,
    0x0, 0x6, 0x60, 0x0, 0x0, 0xc, 0xc0, 0x0,
    0x0, 0x8, 0x60, 0x0, 0x0, 0x7, 0x0, 0x0,

    /* U+013C "ļ" */
    0xba, 0xb, 0xa0, 0xba, 0xb, 0xa0, 0xba, 0xb,
    0xa0, 0xba, 0xb, 0xa0, 0xba, 0xb, 0xa0, 0xac,
    0x34, 0xee, 0x18, 0x32, 0xf6, 0xc, 0x12, 0x40,

    /* U+013D "Ľ" */
    0x8d, 0x0, 0x2, 0xf1, 0x8d, 0x0, 0x4, 0xe0,
    0x8d, 0x0, 0x6, 0xb0, 0x8d, 0x0, 0x8, 0x80,
    0x8d, 0x0, 0x2, 0x10, 0x8d, 0x0, 0x0, 0x0,
    0x8d, 0x0, 0x0, 0x0, 0x8d, 0x0, 0x0, 0x0,
    0x8d, 0x0, 0x0, 0x0, 0x8d, 0x0, 0x0, 0x0,
    0x8e, 0x66, 0x66, 0x63, 0x8f, 0xff, 0xff, 0xf8,

    /* U+013E "ľ" */
    0xba, 0xf, 0x4b, 0xa1, 0xf1, 0xba, 0x3e, 0xb,
    0xa5, 0xb0, 0xba, 0x12, 0xb, 0xa0, 0x0, 0xba,
    0x0, 0xb, 0xa0, 0x0, 0xba, 0x0, 0xb, 0xa0,
    0x0, 0xac, 0x30, 0x4, 0xee, 0x0,

    /* U+0141 "Ł" */
    0x8, 0xd0, 0x0, 0x0, 0x0, 0x8d, 0x0, 0x0,
    0x0, 0x8, 0xd0, 0x0, 0x0, 0x0, 0x8d, 0x1,
    0x10, 0x0, 0x8, 0xd7, 0xe3, 0x0, 0x0, 0xef,
    0xd4, 0x0, 0x0, 0x9f, 0xf0, 0x0, 0x0, 0x4,
    0x9d, 0x0, 0x0, 0x0, 0x8, 0xd0, 0x0, 0x0,
    0x0, 0x8d, 0x0, 0x0, 0x0, 0x8, 0xe6, 0x66,
    0x66, 0x30, 0x8f, 0xff, 0xff, 0xf8,

    /* U+0142 "ł" */
    0xb, 0xa0, 0xb, 0xa0, 0xb, 0xa0, 0xb, 0xa2,
    0xe, 0xfb, 0x9f, 0xf0, 0x7c, 0xa0, 0xb, 0xa0,
    0xb, 0xa0, 0xb, 0xa0, 0xa, 0xc3, 0x4, 0xee,

    /* U+0143 "Ń" */
    0x0, 0x0, 0x9, 0xc0, 0x0, 0x0, 0x0, 0x2f,
    0x20, 0x0, 0x0, 0x0, 0x1, 0x0, 0x0, 0x8f,
    0xa0, 0x0, 0x0, 0xf6, 0x8f, 0xf3, 0x0, 0x0,
    0xf6, 0x8d, 0xbc, 0x0, 0x0, 0xf6, 0x8d, 0x2f,
    0x40, 0x0, 0xf6, 0x8d, 0xa, 0xd0, 0x0, 0xf6,
    0x8d, 0x2, 0xf5, 0x0, 0xf6, 0x8d, 0x0, 0x9d,
    0x0, 0xf6, 0x8d, 0x0, 0x1f, 0x60, 0xf6, 0x8d,
    0x0, 0x7, 0xe0, 0xf6, 0x8d, 0x0, 0x0, 0xe7,
    0xf6, 0x8d, 0x0, 0x0, 0x6f, 0xf6, 0x8d, 0x0,
    0x0, 0xd, 0xf6,

    /* U+0144 "ń" */
    0x0, 0x2, 0xf4, 0x0, 0x0, 0xa, 0x90, 0x0,
    0x0, 0x1, 0x0, 0x0, 0xb8, 0x8e, 0xfa, 0x0,
    0xbe, 0x81, 0x3e, 0x90, 0xbd, 0x0, 0x7, 0xe0,
    0xba, 0x0, 0x5, 0xf0, 0xba, 0x0, 0x5, 0xf0,
    0xba, 0x0, 0x5, 0xf0, 0xba, 0x0, 0x5, 0xf0,
    0xba, 0x0, 0x5, 0xf0, 0xba, 0x0, 0x5, 0xf0,

    /* U+0145 "Ņ" */
    0x8f, 0xa0, 0x0, 0x0, 0xf6, 0x8f, 0xf3, 0x0,
    0x0, 0xf6, 0x8d, 0xbc, 0x0, 0x0, 0xf6, 0x8d,
    0x2f, 0x40, 0x0, 0xf6, 0x8d, 0xa, 0xd0, 0x0,
    0xf6, 0x8d, 0x2, 0xf5, 0x0, 0xf6, 0x8d, 0x0,
    0x9d, 0x0, 0xf6, 0x8d, 0x0, 0x1f, 0x60, 0xf6,
    0x8d, 0x0, 0x7, 0xe0, 0xf6, 0x8d, 0x0, 0x0,
    0xe7, 0xf6, 0x8d, 0x0, 0x0, 0x6f, 0xf6, 0x8d,
    0x0, 0x0, 0xd, 0xf6, 0x0, 0x0, 0x66, 0x0,
    0x0, 0x0, 0x0, 0xdc, 0x0, 0x0, 0x0, 0x0,
    0x86, 0x0, 0x0, 0x0, 0x0, 0x70, 0x0, 0x0,

    /* U+0146 "ņ" */
    0xb8, 0x8e, 0xfa, 0x0, 0xbe, 0x81, 0x3e, 0x90,
    0xbd, 0x0, 0x7, 0xe0, 0xba, 0x0, 0x5, 0xf0,
    0xba, 0x0, 0x5, 0xf0, 0xba, 0x0, 0x5, 0xf0,
    0xba, 0x0, 0x5, 0xf0, 0xba, 0x0, 0x5, 0xf0,
    0xba, 0x0, 0x5, 0xf0, 0x0, 0x18, 0x30, 0x0,
    0x0, 0x2f, 0x70, 0x0, 0x0, 0xc, 0x10, 0x0,
    0x0, 0x25, 0x0, 0x0,

    /* U+0147 "Ň" */
    0x0, 0xa, 0x83, 0xe1, 0x0, 0x0, 0x0, 0xde,
    0x40, 0x0, 0x0, 0x0, 0x0, 0x0, 0x0, 0x8f,
    0xa0, 0x0, 0x0, 0xf6, 0x8f, 0xf3, 0x0, 0x0,
    0xf6, 0x8d, 0xbc, 0x0, 0x0, 0xf6, 0x8d, 0x2f,
    0x40, 0x0, 0xf6, 0x8d, 0xa, 0xd0, 0x0, 0xf6,
    0x8d, 0x2, 0xf5, 0x0, 0xf6, 0x8d, 0x0, 0x9d,
    0x0, 0xf6, 0x8d, 0x0, 0x1f, 0x60, 0xf6, 0x8d,
    0x0, 0x7, 0xe0, 0xf6, 0x8d, 0x0, 0x0, 0xe7,
    0xf6, 0x8d, 0x0, 0x0, 0x6f, 0xf6, 0x8d, 0x0,
    0x0, 0xd, 0xf6,

    /* U+0148 "ň" */
    0x3, 0xd1, 0xa7, 0x0, 0x0, 0x7e, 0xb0, 0x0,
    0x0, 0x0, 0x0, 0x0, 0xb8, 0x8e, 0xfa, 0x0,
    0xbe, 0x81, 0x3e, 0x90, 0xbd, 0x0, 0x7, 0xe0,
    0xba, 0x0, 0x5, 0xf0, 0xba, 0x0, 0x5, 0xf0,
    0xba, 0x0, 0x5, 0xf0, 0xba, 0x0, 0x5, 0xf0,
    0xba, 0x0, 0x5, 0xf0, 0xba, 0x0, 0x5, 0xf0,

    /* U+014A "Ŋ" */
    0x8f, 0xa0, 0x0, 0x0, 0xf6, 0x8f, 0xf3, 0x0,
    0x0, 0xf6, 0x8d, 0xbc, 0x0, 0x0, 0xf6, 0x8d,
    0x2f, 0x40, 0x0, 0xf6, 0x8d, 0xa, 0xd0, 0x0,
    0xf6, 0x8d, 0x1, 0xf5, 0x0, 0xf6, 0x8d, 0x0,
    0x8d, 0x0, 0xf6, 0x8d, 0x0, 0x1f, 0x60, 0xf6,
    0x8d, 0x0, 0x7, 0xe0, 0xf6, 0x8d, 0x0, 0x0,
    0xe7, 0xf6, 0x8d, 0x0, 0x0, 0x6f, 0xf6, 0x8d,
    0x0, 0x0, 0xc, 0xf6, 0x0, 0x0, 0x3, 0x56,
    0xf3, 0x0, 0x0, 0xa, 0xfe, 0x80,

    /* U+014B "ŋ" */
    0xb8, 0x8e, 0xfa, 0x10, 0xbe, 0x81, 0x2d, 0x90,
    0xbd, 0x0, 0x7, 0xe0, 0xba, 0x0, 0x5, 0xf0,
    0xba, 0x0, 0x5, 0xf0, 0xba, 0x0, 0x5, 0xf0,
    0xba, 0x0, 0x5, 0xf0, 0xba, 0x0, 0x5, 0xf0,
    0xba, 0x0, 0x5, 0xf0, 0x0, 0x2, 0x3b, 0xd0,
    0x0, 0xb, 0xfd, 0x30,

    /* U+014C "Ō" */
    0x0, 0x3, 0xff, 0xff, 0x0, 0x0, 0x0, 0x0,
    0x33, 0x33, 0x0, 0x0, 0x0, 0x0, 0x0, 0x0,
    0x0, 0x0, 0x0, 0x6, 0xcf, 0xec, 0x50, 0x0,
    0x0, 0xbf, 0xa7, 0x7c, 0xf8, 0x0, 0x7, 0xf5,
    0x0, 0x0, 0x8f, 0x40, 0xd, 0xb0, 0x0, 0x0,
    0xd, 0xb0, 0x2f, 0x50, 0x0, 0x0, 0x8, 0xf0,
    0x3f, 0x30, 0x0, 0x0, 0x6, 0xf0, 0x3f, 0x30,
    0x0, 0x0, 0x6, 0xf1, 0x2f, 0x50, 0x0, 0x0,
    0x8, 0xf0, 0xe, 0xb0, 0x0, 0x0, 0xd, 0xb0,
    0x7, 0xf4, 0x0, 0x0, 0x7f, 0x40, 0x0, 0xbf,
    0xa6, 0x7b, 0xf9, 0x0, 0x0, 0x6, 0xcf, 0xec,
    0x50, 0x0,

    /* U+014D "ō" */
    0x0, 0x8f, 0xff, 0xb0, 0x0, 0x1, 0x33, 0x32,
    0x0, 0x0, 0x0, 0x0, 0x0, 0x0, 0x6, 0xdf,
    0xd7, 0x0, 0x6, 0xfa, 0x68, 0xf9, 0x0, 0xe9,
    0x0, 0x7, 0xf1, 0x3f, 0x30, 0x0, 0x1f, 0x54,
    0xf2, 0x0, 0x0, 0xf7, 0x3f, 0x30, 0x0, 0x1f,
    0x50, 0xe9, 0x0, 0x7, 0xf1, 0x6, 0xfa, 0x68,
    0xf9, 0x0, 0x6, 0xdf, 0xd7, 0x0,

    /* U+0150 "Ő" */
    0x0, 0x0, 0x1, 0x11, 0x10, 0x0, 0x0, 0x0,
    0x1f, 0x6e, 0x70, 0x0, 0x0, 0x0, 0x8b, 0x6c,
    0x0, 0x0, 0x0, 0x0, 0x0, 0x0, 0x0, 0x0,
    0x0, 0x6, 0xcf, 0xec, 0x50, 0x0, 0x0, 0xbf,
    0xa7, 0x7c, 0xf8, 0x0, 0x7, 0xf5, 0x0, 0x0,
    0x8f, 0x40, 0xd, 0xb0, 0x0, 0x0, 0xd, 0xb0,
    0x2f, 0x50, 0x0, 0x0, 0x8, 0xf0, 0x3f, 0x30,
    0x0, 0x0, 0x6, 0xf0, 0x3f, 0x30, 0x0, 0x0,
    0x6, 0xf1, 0x2f, 0x50, 0x0, 0x0, 0x8, 0xf0,
    0xe, 0xb0, 0x0, 0x0, 0xd, 0xb0, 0x7, 0xf4,
    0x0, 0x0, 0x7f, 0x40, 0x0, 0xbf, 0xa6, 0x7b,
    0xf9, 0x0, 0x0, 0x6, 0xcf, 0xec, 0x50, 0x0,

    /* U+0151 "ő" */
    0x0, 0x4, 0xf5, 0xf3, 0x0, 0x0, 0xc7, 0xa8,
    0x0, 0x0, 0x2, 0x1, 0x0, 0x0, 0x6, 0xdf,
    0xd7, 0x0, 0x6, 0xfa, 0x68, 0xf9, 0x0, 0xe9,
    0x0, 0x7, 0xf1, 0x3f, 0x30, 0x0, 0x1f, 0x54,
    0xf2, 0x0, 0x0, 0xf7, 0x3f, 0x30, 0x0, 0x1f,
    0x50, 0xe9, 0x0, 0x7, 0xf1, 0x6, 0xfa, 0x68,
    0xf9, 0x0, 0x6, 0xdf, 0xd7, 0x0,

    /* U+0152 "Œ" */
    0x0, 0x6, 0xcf, 0xfc, 0x54, 0xff, 0xff, 0xff,
    0x60, 0xb, 0xfa, 0x77, 0xcf, 0xcf, 0x76, 0x66,
    0x62, 0x7, 0xf4, 0x0, 0x0, 0x8f, 0xf1, 0x0,
    0x0, 0x0, 0xda, 0x0, 0x0, 0x0, 0xdf, 0x10,
    0x0, 0x0, 0x2f, 0x50, 0x0, 0x0, 0x8, 0xf2,
    0x11, 0x11, 0x3, 0xf3, 0x0, 0x0, 0x0, 0x6f,
    0xff, 0xff, 0xf2, 0x3f, 0x30, 0x0, 0x0, 0x6,
    0xf5, 0x44, 0x44, 0x2, 0xf5, 0x0, 0x0, 0x0,
    0x8f, 0x10, 0x0, 0x0, 0xd, 0xa0, 0x0, 0x0,
    0xd, 0xf1, 0x0, 0x0, 0x0, 0x7f, 0x40, 0x0,
    0x7, 0xff, 0x10, 0x0, 0x0, 0x0, 0xbf, 0xa7,
    0x7b, 0xfc, 0xf7, 0x66, 0x66, 0x30, 0x0, 0x6c,
    0xff, 0xc5, 0x4f, 0xff, 0xff, 0xf8,

    /* U+0153 "œ" */
    0x0, 0x6d, 0xfd, 0x70, 0x2b, 0xfe, 0x90, 0x0,
    0x6f, 0xa6, 0x8f, 0xbf, 0xc6, 0x7e, 0xb0, 0xe,
    0x90, 0x0, 0x7f, 0xf0, 0x0, 0x4f, 0x33, 0xf3,
    0x0, 0x1, 0xff, 0x0, 0x0, 0xe8, 0x4f, 0x20,
    0x0, 0xf, 0xff, 0xff, 0xff, 0x93, 0xf3, 0x0,
    0x1, 0xff, 0x33, 0x33, 0x32, 0xe, 0x90, 0x0,
    0x7f, 0xf0, 0x0, 0x19, 0x30, 0x6f, 0xa6, 0x8f,
    0xbf, 0xc6, 0x6d, 0xe0, 0x0, 0x6d, 0xfd, 0x70,
    0x2b, 0xfe, 0xa1, 0x0,

    /* U+0154 "Ŕ" */
    0x0, 0x0, 0x6e, 0x10, 0x0, 0x0, 0xd, 0x50,
    0x0, 0x0, 0x0, 0x10, 0x0, 0x8, 0xff, 0xff,
    0xea, 0x20, 0x8e, 0x66, 0x68, 0xee, 0x18, 0xd0,
    0x0, 0x2, 0xf7, 0x8d, 0x0, 0x0, 0xd, 0x98,
    0xd0, 0x0, 0x0, 0xe8, 0x8d, 0x11, 0x12, 0xae,
    0x18, 0xff, 0xff, 0xff, 0x40, 0x8e, 0x44, 0x45,
    0xaf, 0x28, 0xd0, 0x0, 0x0, 0xf6, 0x8d, 0x0,
    0x0, 0xd, 0x88, 0xd0, 0x0, 0x0, 0xc9, 0x8d,
    0x0, 0x0, 0xa, 0xb0,

    /* U+0155 "ŕ" */
    0x0, 0xac, 0x0, 0x2f, 0x20, 0x0, 0x10, 0xb,
    0x8b, 0xf5, 0xbe, 0xa5, 0x1b, 0xd0, 0x0, 0xba,
    0x0, 0xb, 0xa0, 0x0, 0xba, 0x0, 0xb, 0xa0,
    0x0, 0xba, 0x0, 0xb, 0xa0, 0x0,

    /* U+0156 "Ŗ" */
    0x8f, 0xff, 0xfe, 0xa2, 0x8, 0xe6, 0x66, 0x8e,
    0xe1, 0x8d, 0x0, 0x0, 0x2f, 0x78, 0xd0, 0x0,
    0x0, 0xd9, 0x8d, 0x0, 0x0, 0xe, 0x88, 0xd1,
    0x11, 0x2a, 0xe1, 0x8f, 0xff, 0xff, 0xf4, 0x8,
    0xe4, 0x44, 0x5a, 0xf2, 0x8d, 0x0, 0x0, 0xf,
    0x68, 0xd0, 0x0, 0x0, 0xd8, 0x8d, 0x0, 0x0,
    0xc, 0x98, 0xd0, 0x0, 0x0, 0xab, 0x0, 0x1,
    0x83, 0x0, 0x0, 0x0, 0x3f, 0x60, 0x0, 0x0,
    0x0, 0xd1, 0x0, 0x0, 0x0, 0x24, 0x0, 0x0,

    /* U+0157 "ŗ" */
    0xb, 0x8b, 0xf5, 0xb, 0xea, 0x51, 0xb, 0xd0,
    0x0, 0xb, 0xa0, 0x0, 0xb, 0xa0, 0x0, 0xb,
    0xa0, 0x0, 0xb, 0xa0, 0x0, 0xb, 0xa0, 0x0,
    0xb, 0xa0, 0x0, 0x6, 0x60, 0x0, 0xd, 0xb0,
    0x0, 0x9, 0x50, 0x0, 0x7, 0x0, 0x0,

    /* U+0158 "Ř" */
    0x0, 0x7b, 0x1d, 0x30, 0x0, 0x0, 0xbe, 0x70,
    0x0, 0x0, 0x0, 0x0, 0x0, 0x8, 0xff, 0xff,
    0xea, 0x20, 0x8e, 0x66, 0x68, 0xee, 0x18, 0xd0,
    0x0, 0x2, 0xf7, 0x8d, 0x0, 0x0, 0xd, 0x98,
    0xd0, 0x0, 0x0, 0xe8, 0x8d, 0x11, 0x12, 0xae,
    0x18, 0xff, 0xff, 0xff, 0x40, 0x8e, 0x44, 0x45,
    0xaf, 0x28, 0xd0, 0x0, 0x0, 0xf6, 0x8d, 0x0,
    0x0, 0xd, 0x88, 0xd0, 0x0, 0x0, 0xc9, 0x8d,
    0x0, 0x0, 0xa, 0xb0,

    /* U+0159 "ř" */
    0xb, 0x73, 0xd1, 0x1, 0xde, 0x40, 0x0, 0x0,
    0x0, 0xb, 0x8b, 0xf5, 0xb, 0xea, 0x51, 0xb,
    0xd0, 0x0, 0xb, 0xa0, 0x0, 0xb, 0xa0, 0x0,
    0xb, 0xa0, 0x0, 0xb, 0xa0, 0x0, 0xb, 0xa0,
    0x0, 0xb, 0xa0, 0x0,

    /* U+015A "Ś" */
    0x0, 0x0, 0x1, 0x10, 0x0, 0x0, 0x0, 0xe,
    0x60, 0x0, 0x0, 0x0, 0x7c, 0x0, 0x0, 0x0,
    0x0, 0x0, 0x0, 0x0, 0x0, 0x5c, 0xfe, 0xb3,
    0x0, 0x5, 0xfc, 0x78, 0xdf, 0x30, 0xc, 0xc0,
    0x0, 0xd, 0xc0, 0xd, 0xa0, 0x0, 0x5, 0xb0,
    0x9, 0xf6, 0x0, 0x0, 0x0, 0x0, 0x9f, 0xfb,
    0x60, 0x0, 0x0, 0x1, 0x5a, 0xfe, 0x40, 0x0,
    0x0, 0x0, 0x1a, 0xf1, 0xf, 0x70, 0x0, 0x2,
    0xf5, 0xb, 0xd1, 0x0, 0x4, 0xf3, 0x2, 0xfe,
    0x86, 0x8e, 0xc0, 0x0, 0x2a, 0xef, 0xd8, 0x0,

    /* U+015B "ś" */
    0x0, 0x0, 0xab, 0x0, 0x0, 0x2, 0xf1, 0x0,
    0x0, 0x0, 0x10, 0x0, 0x1, 0x9e, 0xfc, 0x40,
    0xa, 0xe7, 0x5b, 0xf2, 0xe, 0x80, 0x0, 0xc6,
    0xc, 0xc3, 0x0, 0x0, 0x2, 0xbf, 0xfb, 0x50,
    0x0, 0x0, 0x49, 0xf5, 0x2f, 0x40, 0x0, 0xe8,
    0xc, 0xe7, 0x59, 0xf4, 0x1, 0x9e, 0xfd, 0x60,

    /* U+015C "Ŝ" */
    0x0, 0x0, 0x76, 0x0, 0x0, 0x0, 0x6, 0xce,
    0x30, 0x0, 0x0, 0x1e, 0x25, 0xc0, 0x0, 0x0,
    0x0, 0x0, 0x0, 0x0, 0x0, 0x5c, 0xfe, 0xb3,
    0x0, 0x5, 0xfc, 0x78, 0xdf, 0x30, 0xc, 0xc0,
    0x0, 0xd, 0xc0, 0xd, 0xa0, 0x0, 0x5, 0xb0,
    0x9, 0xf6, 0x0, 0x0, 0x0, 0x0, 0x9f, 0xfb,
    0x60, 0x0, 0x0, 0x1, 0x5a, 0xfe, 0x40, 0x0,
    0x0, 0x0, 0x1a, 0xf1, 0xf, 0x70, 0x0, 0x2,
    0xf5, 0xb, 0xd1, 0x0, 0x4, 0xf3, 0x2, 0xfe,
    0x86, 0x8e, 0xc0, 0x0, 0x2a, 0xef, 0xd8, 0x0,

    /* U+015D "ŝ" */
    0x0, 0x1e, 0xe3, 0x0, 0x0, 0xa8, 0x4d, 0x0,
    0x0, 0x10, 0x1, 0x0, 0x1, 0x9e, 0xfc, 0x40,
    0xa, 0xe7, 0x5b, 0xf2, 0xe, 0x80, 0x0, 0xc6,
    0xc, 0xc3, 0x0, 0x0, 0x2, 0xbf, 0xfb, 0x50,
    0x0, 0x0, 0x49, 0xf5, 0x2f, 0x40, 0x0, 0xe8,
    0xc, 0xe7, 0x59, 0xf4, 0x1, 0x9e, 0xfd, 0x60,

    /* U+015E "Ş" */
    0x0, 0x5c, 0xfe, 0xb3, 0x0, 0x5, 0xfc, 0x78,
    0xdf, 0x30, 0xc, 0xc0, 0x0, 0xd, 0xc0, 0xd,
    0xa0, 0x0, 0x5, 0xb0, 0x9, 0xf6, 0x0, 0x0,
    0x0, 0x0, 0x9f, 0xfb, 0x60, 0x0, 0x0, 0x1,
    0x5a, 0xfe, 0x40, 0x0, 0x0, 0x0, 0x1a, 0xf1,
    0xf, 0x70, 0x0, 0x2, 0xf5, 0xb, 0xd1, 0x0,
    0x4, 0xf3, 0x2, 0xfe, 0x86, 0x8e, 0xc0, 0x0,
    0x2a, 0xff, 0xd8, 0x0, 0x0, 0x0, 0x9c, 0x30,
    0x0, 0x0, 0x4, 0x25, 0xc0, 0x0, 0x0, 0x4,
    0xde, 0x60, 0x0,

    /* U+015F "ş" */
    0x1, 0x9e, 0xfc, 0x40, 0xa, 0xe7, 0x5b, 0xf2,
    0xe, 0x80, 0x0, 0xc6, 0xc, 0xc3, 0x0, 0x0,
    0x2, 0xbf, 0xfb, 0x50, 0x0, 0x0, 0x49, 0xf5,
    0x2f, 0x40, 0x0, 0xe8, 0xc, 0xe7, 0x59, 0xf4,
    0x1, 0x9f, 0xfd, 0x60, 0x0, 0x9, 0xc3, 0x0,
    0x0, 0x32, 0x6d, 0x0, 0x0, 0x4d, 0xe6, 0x0,

    /* U+0160 "Š" */
    0x0, 0x17, 0x1, 0x70, 0x0, 0x0, 0xb, 0x7a,
    0x80, 0x0, 0x0, 0x2, 0xfe, 0x0, 0x0, 0x0,
    0x0, 0x0, 0x0, 0x0, 0x0, 0x5c, 0xfe, 0xb3,
    0x0, 0x5, 0xfc, 0x78, 0xdf, 0x30, 0xc, 0xc0,
    0x0, 0xd, 0xc0, 0xd, 0xa0, 0x0, 0x5, 0xb0,
    0x9, 0xf6, 0x0, 0x0, 0x0, 0x0, 0x9f, 0xfb,
    0x60, 0x0, 0x0, 0x1, 0x5a, 0xfe, 0x40, 0x0,
    0x0, 0x0, 0x1a, 0xf1, 0xf, 0x70, 0x0, 0x2,
    0xf5, 0xb, 0xd1, 0x0, 0x4, 0xf3, 0x2, 0xfe,
    0x86, 0x8e, 0xc0, 0x0, 0x2a, 0xef, 0xd8, 0x0,

    /* U+0161 "š" */
    0x0, 0xb6, 0x3d, 0x10, 0x0, 0x1e, 0xe4, 0x0,
    0x0, 0x1, 0x10, 0x0, 0x1, 0x9e, 0xfc, 0x40,
    0xa, 0xe7, 0x5b, 0xf2, 0xe, 0x80, 0x0, 0xc6,
    0xc, 0xc3, 0x0, 0x0, 0x2, 0xbf, 0xfb, 0x50,
    0x0, 0x0, 0x49, 0xf5, 0x2f, 0x40, 0x0, 0xe8,
    0xc, 0xe7, 0x59, 0xf4, 0x1, 0x9e, 0xfd, 0x60,

    /* U+0162 "Ţ" */
    0xdf, 0xff, 0xff, 0xff, 0xa5, 0x66, 0x9f, 0x76,
    0x64, 0x0, 0x4, 0xf1, 0x0, 0x0, 0x0, 0x4f,
    0x10, 0x0, 0x0, 0x4, 0xf1, 0x0, 0x0, 0x0,
    0x4f, 0x10, 0x0, 0x0, 0x4, 0xf1, 0x0, 0x0,
    0x0, 0x4f, 0x10, 0x0, 0x0, 0x4, 0xf1, 0x0,
    0x0, 0x0, 0x4f, 0x10, 0x0, 0x0, 0x4, 0xf1,
    0x0, 0x0, 0x0, 0x4f, 0x10, 0x0, 0x0, 0x5,
    0xc1, 0x0, 0x0, 0x0, 0x29, 0xd0, 0x0, 0x0,
    0x45, 0x1f, 0x0, 0x0, 0x2, 0xce, 0x70, 0x0,

    /* U+0163 "ţ" */
    0x0, 0xe7, 0x0, 0x0, 0xe7, 0x0, 0x2f, 0xff,
    0xfb, 0x3, 0xe9, 0x32, 0x0, 0xe7, 0x0, 0x0,
    0xe7, 0x0, 0x0, 0xe7, 0x0, 0x0, 0xe7, 0x0,
    0x0, 0xd7, 0x0, 0x0, 0xbc, 0x42, 0x0, 0x3f,
    0xfb, 0x0, 0x1e, 0x30, 0x0, 0x7, 0xe2, 0x1,
    0x80, 0xb5, 0x0, 0xae, 0xb0,

    /* U+0164 "Ť" */
    0x0, 0x6b, 0x1d, 0x40, 0x0, 0x0, 0xbe, 0x80,
    0x0, 0x0, 0x0, 0x0, 0x0, 0xd, 0xff, 0xff,
    0xff, 0xfa, 0x56, 0x69, 0xf7, 0x66, 0x40, 0x0,
    0x4f, 0x10, 0x0, 0x0, 0x4, 0xf1, 0x0, 0x0,
    0x0, 0x4f, 0x10, 0x0, 0x0, 0x4, 0xf1, 0x0,
    0x0, 0x0, 0x4f, 0x10, 0x0, 0x0, 0x4, 0xf1,
    0x0, 0x0, 0x0, 0x4f, 0x10, 0x0, 0x0, 0x4,
    0xf1, 0x0, 0x0, 0x0, 0x4f, 0x10, 0x0, 0x0,
    0x4, 0xf1, 0x0, 0x0,

    /* U+0165 "ť" */
    0x0, 0x0, 0x5, 0x30, 0x0, 0x0, 0xe5, 0x0,
    0x95, 0x1f, 0x10, 0xe, 0x73, 0xd0, 0x2f, 0xff,
    0xfb, 0x0, 0x3e, 0x93, 0x20, 0x0, 0xe7, 0x0,
    0x0, 0xe, 0x70, 0x0, 0x0, 0xe7, 0x0, 0x0,
    0xe, 0x70, 0x0, 0x0, 0xd7, 0x0, 0x0, 0xb,
    0xc4, 0x20, 0x0, 0x3d, 0xfb, 0x0,

    /* U+0166 "Ŧ" */
    0xdf, 0xff, 0xff, 0xff, 0xa5, 0x66, 0x9f, 0x76,
    0x64, 0x0, 0x4, 0xf1, 0x0, 0x0, 0x0, 0x4f,
    0x10, 0x0, 0x0, 0x4, 0xf1, 0x0, 0x0, 0x0,
    0x5f, 0x20, 0x0, 0x7, 0xff, 0xff, 0xf4, 0x0,
    0x13, 0x8f, 0x53, 0x10, 0x0, 0x4, 0xf1, 0x0,
    0x0, 0x0, 0x4f, 0x10, 0x0, 0x0, 0x4, 0xf1,
    0x0, 0x0, 0x0, 0x4f, 0x10, 0x0,

    /* U+0167 "ŧ" */
    0x0, 0xe7, 0x0, 0x0, 0xe7, 0x0, 0x2f, 0xff,
    0xfb, 0x3, 0xe9, 0x32, 0x0, 0xe7, 0x0, 0x0,
    0xe7, 0x0, 0x2f, 0xff, 0xf9, 0x2, 0xfa, 0x21,
    0x0, 0xd7, 0x0, 0x0, 0xbc, 0x42, 0x0, 0x3d,
    0xfb,

    /* U+0168 "Ũ" */
    0x0, 0x6e, 0x80, 0xc0, 0x0, 0xc, 0x8, 0xe6,
    0x0, 0x0, 0x0, 0x0, 0x0, 0xc, 0x90, 0x0,
    0x0, 0x9c, 0xc9, 0x0, 0x0, 0x9, 0xcc, 0x90,
    0x0, 0x0, 0x9c, 0xc9, 0x0, 0x0, 0x9, 0xcc,
    0x90, 0x0, 0x0, 0x9c, 0xc9, 0x0, 0x0, 0x9,
    0xcc, 0x90, 0x0, 0x0, 0x9c, 0xc9, 0x0, 0x0,
    0x9, 0xca, 0xb0, 0x0, 0x0, 0xbb, 0x6f, 0x20,
    0x0, 0x2f, 0x60, 0xdf, 0x96, 0x8f, 0xd0, 0x0,
    0x8e, 0xfe, 0x91, 0x0,

    /* U+0169 "ũ" */
    0xa, 0xe7, 0x2c, 0x1, 0xb0, 0xae, 0x40, 0x0,
    0x0, 0x0, 0xb, 0xa0, 0x0, 0x6e, 0xba, 0x0,
    0x6, 0xeb, 0xa0, 0x0, 0x6e, 0xba, 0x0, 0x6,
    0xeb, 0xa0, 0x0, 0x6e, 0xba, 0x0, 0x7, 0xe9,
    0xc0, 0x0, 0xbe, 0x4f, 0x84, 0x9e, 0xe0, 0x7e,
    0xfa, 0x6e,

    /* U+016A "Ū" */
    0x0, 0xaf, 0xff, 0xa0, 0x0, 0x1, 0x33, 0x31,
    0x0, 0x0, 0x0, 0x0, 0x0, 0xc, 0x90, 0x0,
    0x0, 0x9c, 0xc9, 0x0, 0x0, 0x9, 0xcc, 0x90,
    0x0, 0x0, 0x9c, 0xc9, 0x0, 0x0, 0x9, 0xcc,
    0x90, 0x0, 0x0, 0x9c, 0xc9, 0x0, 0x0, 0x9,
    0xcc, 0x90, 0x0, 0x0, 0x9c, 0xc9, 0x0, 0x0,
    0x9, 0xca, 0xb0, 0x0, 0x0, 0xbb, 0x6f, 0x20,
    0x0, 0x2f, 0x60, 0xdf, 0x96, 0x8f, 0xd0, 0x0,
    0x8e, 0xfe, 0x91, 0x0,

    /* U+016B "ū" */
    0x9, 0xff, 0xfb, 0x0, 0x13, 0x33, 0x20, 0x0,
    0x0, 0x0, 0xb, 0xa0, 0x0, 0x6e, 0xba, 0x0,
    0x6, 0xeb, 0xa0, 0x0, 0x6e, 0xba, 0x0, 0x6,
    0xeb, 0xa0, 0x0, 0x6e, 0xba, 0x0, 0x7, 0xe9,
    0xc0, 0x0, 0xbe, 0x4f, 0x84, 0x9e, 0xe0, 0x7e,
    0xfa, 0x6e,

    /* U+016C "Ŭ" */
    0x0, 0x52, 0x1, 0x50, 0x0, 0x8, 0x80, 0x88,
    0x0, 0x0, 0x1c, 0xfd, 0x10, 0x0, 0x0, 0x0,
    0x0, 0x0, 0xc9, 0x0, 0x0, 0x9, 0xcc, 0x90,
    0x0, 0x0, 0x9c, 0xc9, 0x0, 0x0, 0x9, 0xcc,
    0x90, 0x0, 0x0, 0x9c, 0xc9, 0x0, 0x0, 0x9,
    0xcc, 0x90, 0x0, 0x0, 0x9c, 0xc9, 0x0, 0x0,
    0x9, 0xcc, 0x90, 0x0, 0x0, 0x9c, 0xab, 0x0,
    0x0, 0xb, 0xb6, 0xf2, 0x0, 0x2, 0xf6, 0xd,
    0xf9, 0x68, 0xfd, 0x0, 0x8, 0xef, 0xe9, 0x10,

    /* U+016D "ŭ" */
    0x9, 0x70, 0x6a, 0x0, 0x2d, 0xfe, 0x20, 0x0,
    0x1, 0x0, 0xb, 0xa0, 0x0, 0x6e, 0xba, 0x0,
    0x6, 0xeb, 0xa0, 0x0, 0x6e, 0xba, 0x0, 0x6,
    0xeb, 0xa0, 0x0, 0x6e, 0xba, 0x0, 0x7, 0xe9,
    0xc0, 0x0, 0xbe, 0x4f, 0x84, 0x9e, 0xe0, 0x7e,
    0xfa, 0x6e,

    /* U+016E "Ů" */
    0x0, 0x7, 0xd7, 0x0, 0x0, 0x0, 0xd0, 0xd0,
    0x0, 0x0, 0x7, 0xd7, 0x0, 0x0, 0x0, 0x0,
    0x0, 0x0, 0xc9, 0x0, 0x0, 0x9, 0xcc, 0x90,
    0x0, 0x0, 0x9c, 0xc9, 0x0, 0x0, 0x9, 0xcc,
    0x90, 0x0, 0x0, 0x9c, 0xc9, 0x0, 0x0, 0x9,
    0xcc, 0x90, 0x0, 0x0, 0x9c, 0xc9, 0x0, 0x0,
    0x9, 0xcc, 0x90, 0x0, 0x0, 0x9c, 0xab, 0x0,
    0x0, 0xb, 0xb6, 0xf2, 0x0, 0x2, 0xf6, 0xd,
    0xf9, 0x68, 0xfd, 0x0, 0x8, 0xef, 0xe9, 0x10,

    /* U+016F "ů" */
    0x0, 0x6d, 0x70, 0x0, 0xd, 0xd, 0x0, 0x0,
    0x6d, 0x80, 0x0, 0x0, 0x0, 0x0, 0xba, 0x0,
    0x6, 0xeb, 0xa0, 0x0, 0x6e, 0xba, 0x0, 0x6,
    0xeb, 0xa0, 0x0, 0x6e, 0xba, 0x0, 0x6, 0xeb,
    0xa0, 0x0, 0x7e, 0x9c, 0x0, 0xb, 0xe4, 0xf8,
    0x49, 0xee, 0x7, 0xef, 0xa6, 0xe0,

    /* U+0170 "Ű" */
    0x0, 0x0, 0x20, 0x10, 0x0, 0x0, 0x6e, 0x6f,
    0x20, 0x0, 0xd, 0x5c, 0x60, 0x0, 0x0, 0x0,
    0x0, 0x0, 0xc9, 0x0, 0x0, 0x9, 0xcc, 0x90,
    0x0, 0x0, 0x9c, 0xc9, 0x0, 0x0, 0x9, 0xcc,
    0x90, 0x0, 0x0, 0x9c, 0xc9, 0x0, 0x0, 0x9,
    0xcc, 0x90, 0x0, 0x0, 0x9c, 0xc9, 0x0, 0x0,
    0x9, 0xcc, 0x90, 0x0, 0x0, 0x9c, 0xab, 0x0,
    0x0, 0xb, 0xb6, 0xf2, 0x0, 0x2, 0xf6, 0xd,
    0xf9, 0x68, 0xfd, 0x0, 0x8, 0xef, 0xe9, 0x10,

    /* U+0171 "ű" */
    0x0, 0x5f, 0x5f, 0x30, 0xc, 0x6b, 0x80, 0x0,
    0x20, 0x10, 0xb, 0xa0, 0x0, 0x6e, 0xba, 0x0,
    0x6, 0xeb, 0xa0, 0x0, 0x6e, 0xba, 0x0, 0x6,
    0xeb, 0xa0, 0x0, 0x6e, 0xba, 0x0, 0x7, 0xe9,
    0xc0, 0x0, 0xbe, 0x4f, 0x84, 0x9e, 0xe0, 0x7e,
    0xfa, 0x6e,

    /* U+0172 "Ų" */
    0xc9, 0x0, 0x0, 0x9, 0xcc, 0x90, 0x0, 0x0,
    0x9c, 0xc9, 0x0, 0x0, 0x9, 0xcc, 0x90, 0x0,
    0x0, 0x9c, 0xc9, 0x0, 0x0, 0x9, 0xcc, 0x90,
    0x0, 0x0, 0x9c, 0xc9, 0x0, 0x0, 0x9, 0xcc,
    0x90, 0x0, 0x0, 0x9c, 0xab, 0x0, 0x0, 0xb,
    0xb6, 0xf2, 0x0, 0x2, 0xf6, 0xd, 0xf9, 0x68,
    0xfd, 0x0, 0x8, 0xef, 0xfa, 0x10, 0x0, 0x0,
    0x5b, 0x0, 0x0, 0x0, 0xe, 0x51, 0x0, 0x0,
    0x0, 0xcf, 0xb0, 0x0, 0x0, 0x0, 0x10, 0x0,

    /* U+0173 "ų" */
    0xba, 0x0, 0x6, 0xe0, 0xba, 0x0, 0x6, 0xe0,
    0xba, 0x0, 0x6, 0xe0, 0xba, 0x0, 0x6, 0xe0,
    0xba, 0x0, 0x6, 0xe0, 0xba, 0x0, 0x7, 0xe0,
    0x9c, 0x0, 0xb, 0xe0, 0x4f, 0x84, 0x9e, 0xe0,
    0x7, 0xef, 0xa7, 0xf0, 0x0, 0x0, 0xb, 0x60,
    0x0, 0x0, 0x4e, 0x0, 0x0, 0x0, 0x3f, 0xf4,
    0x0, 0x0, 0x1, 0x10,

    /* U+0174 "Ŵ" */
    0x0, 0x0, 0x0, 0x9e, 0xa0, 0x0, 0x0, 0x0,
    0x0, 0x0, 0x4d, 0x1c, 0x60, 0x0, 0x0, 0x0,
    0x0, 0x0, 0x0, 0x0, 0x0, 0x0, 0x4, 0xf3,
    0x0, 0x5, 0xf7, 0x0, 0x2, 0xf6, 0xf, 0x70,
    0x0, 0x9f, 0xb0, 0x0, 0x5f, 0x20, 0xcb, 0x0,
    0xd, 0xfe, 0x0, 0x9, 0xe0, 0x8, 0xe0, 0x0,
    0xf9, 0xf2, 0x0, 0xda, 0x0, 0x4f, 0x20, 0x4f,
    0x2f, 0x60, 0x1f, 0x60, 0x0, 0xf6, 0x8, 0xd0,
    0xc9, 0x4, 0xf2, 0x0, 0xc, 0xa0, 0xba, 0x8,
    0xd0, 0x8e, 0x0, 0x0, 0x8d, 0xf, 0x60, 0x4f,
    0x1c, 0xa0, 0x0, 0x4, 0xf4, 0xf2, 0x0, 0xf5,
    0xf6, 0x0, 0x0, 0xf, 0xce, 0x0, 0xc, 0xcf,
    0x20, 0x0, 0x0, 0xcf, 0xa0, 0x0, 0x9f, 0xe0,
    0x0, 0x0, 0x8, 0xf6, 0x0, 0x5, 0xfa, 0x0,
    0x0,

    /* U+0175 "ŵ" */
    0x0, 0x0, 0x8, 0xea, 0x0, 0x0, 0x0, 0x0,
    0x4, 0xd1, 0xb6, 0x0, 0x0, 0x0, 0x0, 0x0,
    0x0, 0x0, 0x0, 0x7, 0xf0, 0x0, 0x4f, 0x60,
    0x0, 0xd9, 0x3f, 0x30, 0x9, 0xfa, 0x0, 0x1f,
    0x40, 0xe7, 0x0, 0xdc, 0xe0, 0x6, 0xf0, 0xa,
    0xc0, 0x1f, 0x4f, 0x30, 0xab, 0x0, 0x5f, 0x6,
    0xe0, 0xc7, 0xe, 0x60, 0x1, 0xf4, 0xa9, 0x8,
    0xb3, 0xf2, 0x0, 0xc, 0x8e, 0x50, 0x4f, 0x7d,
    0x0, 0x0, 0x7e, 0xf1, 0x0, 0xfe, 0x80, 0x0,
    0x2, 0xfc, 0x0, 0xb, 0xf4, 0x0,

    /* U+0176 "Ŷ" */
    0x0, 0x0, 0x8e, 0xb0, 0x0, 0x0, 0x0, 0x3d,
    0x1b, 0x60, 0x0, 0x0, 0x0, 0x0, 0x0, 0x0,
    0x0, 0xcc, 0x0, 0x0, 0x9, 0xf1, 0x3, 0xf5,
    0x0, 0x2, 0xf7, 0x0, 0xa, 0xd0, 0x0, 0xad,
    0x0, 0x0, 0x2f, 0x70, 0x3f, 0x50, 0x0, 0x0,
    0x8e, 0x1c, 0xc0, 0x0, 0x0, 0x0, 0xec, 0xf3,
    0x0, 0x0, 0x0, 0x6, 0xfa, 0x0, 0x0, 0x0,
    0x0, 0x1f, 0x40, 0x0, 0x0, 0x0, 0x1, 0xf4,
    0x0, 0x0, 0x0, 0x0, 0x1f, 0x40, 0x0, 0x0,
    0x0, 0x1, 0xf4, 0x0, 0x0, 0x0, 0x0, 0x1f,
    0x40, 0x0, 0x0,

    /* U+0177 "ŷ" */
    0x0, 0xc, 0xe6, 0x0, 0x0, 0x8, 0x91, 0xd2,
    0x0, 0x0, 0x0, 0x0, 0x0, 0x7, 0xf0, 0x0,
    0x6, 0xf1, 0x2f, 0x50, 0x0, 0xbb, 0x0, 0xca,
    0x0, 0xf, 0x50, 0x7, 0xf0, 0x5, 0xf0, 0x0,
    0x1f, 0x50, 0xaa, 0x0, 0x0, 0xca, 0xf, 0x40,
    0x0, 0x6, 0xf4, 0xe0, 0x0, 0x0, 0x1f, 0xd9,
    0x0, 0x0, 0x0, 0xbf, 0x30, 0x0, 0x1, 0x38,
    0xd0, 0x0, 0x0, 0x5f, 0xe4, 0x0, 0x0,

    /* U+0178 "Ÿ" */
    0x0, 0x4, 0x90, 0x77, 0x0, 0x0, 0x0, 0x7e,
    0xb, 0xb0, 0x0, 0x0, 0x0, 0x0, 0x0, 0x0,
    0x0, 0xcc, 0x0, 0x0, 0x9, 0xf1, 0x3, 0xf5,
    0x0, 0x2, 0xf7, 0x0, 0xa, 0xd0, 0x0, 0xad,
    0x0, 0x0, 0x2f, 0x70, 0x3f, 0x50, 0x0, 0x0,
    0x8e, 0x1c, 0xc0, 0x0, 0x0, 0x0, 0xec, 0xf3,
    0x0, 0x0, 0x0, 0x6, 0xfa, 0x0, 0x0, 0x0,
    0x0, 0x1f, 0x40, 0x0, 0x0, 0x0, 0x1, 0xf4,
    0x0, 0x0, 0x0, 0x0, 0x1f, 0x40, 0x0, 0x0,
    0x0, 0x1, 0xf4, 0x0, 0x0, 0x0, 0x0, 0x1f,
    0x40, 0x0, 0x0,

    /* U+0179 "Ź" */
    0x0, 0x0, 0x5f, 0x20, 0x0, 0x0, 0xc, 0x60,
    0x0, 0x0, 0x0, 0x20, 0x0, 0x5, 0xff, 0xff,
    0xff, 0xf1, 0x26, 0x66, 0x66, 0xcf, 0x0, 0x0,
    0x0, 0x3f, 0x60, 0x0, 0x0, 0xd, 0xb0, 0x0,
    0x0, 0x8, 0xf2, 0x0, 0x0, 0x3, 0xf6, 0x0,
    0x0, 0x0, 0xdb, 0x0, 0x0, 0x0, 0x8f, 0x20,
    0x0, 0x0, 0x3f, 0x60, 0x0, 0x0, 0xd, 0xb0,
    0x0, 0x0, 0x7, 0xf8, 0x66, 0x66, 0x61, 0x8f,
    0xff, 0xff, 0xff, 0x40,

    /* U+017A "ź" */
    0x0, 0x0, 0x7e, 0x0, 0x0, 0x0, 0xe4, 0x0,
    0x0, 0x0, 0x10, 0x0, 0xf, 0xff, 0xff, 0xfa,
    0x3, 0x33, 0x35, 0xf7, 0x0, 0x0, 0x1d, 0xb0,
    0x0, 0x0, 0xbd, 0x0, 0x0, 0x9, 0xe1, 0x0,
    0x0, 0x6f, 0x30, 0x0, 0x4, 0xf5, 0x0, 0x0,
    0x1f, 0xb3, 0x33, 0x32, 0x3f, 0xff, 0xff, 0xfc,

    /* U+017B "Ż" */
    0x0, 0x2, 0xa1, 0x0, 0x0, 0x0, 0x3f, 0x30,
    0x0, 0x0, 0x0, 0x0, 0x0, 0x5, 0xff, 0xff,
    0xff, 0xf1, 0x26, 0x66, 0x66, 0xcf, 0x0, 0x0,
    0x0, 0x3f, 0x60, 0x0, 0x0, 0xd, 0xb0, 0x0,
    0x0, 0x8, 0xf2, 0x0, 0x0, 0x3, 0xf6, 0x0,
    0x0, 0x0, 0xdb, 0x0, 0x0, 0x0, 0x8f, 0x20,
    0x0, 0x0, 0x3f, 0x60, 0x0, 0x0, 0xd, 0xb0,
    0x0, 0x0, 0x7, 0xf8, 0x66, 0x66, 0x61, 0x8f,
    0xff, 0xff, 0xff, 0x40,

    /* U+017C "ż" */
    0x0, 0x6, 0xf0, 0x0, 0x0, 0x4, 0xa0, 0x0,
    0x0, 0x0, 0x0, 0x0, 0xf, 0xff, 0xff, 0xfa,
    0x3, 0x33, 0x35, 0xf7, 0x0, 0x0, 0x1d, 0xb0,
    0x0, 0x0, 0xbd, 0x0, 0x0, 0x9, 0xe1, 0x0,
    0x0, 0x6f, 0x30, 0x0, 0x4, 0xf5, 0x0, 0x0,
    0x1f, 0xb3, 0x33, 0x32, 0x3f, 0xff, 0xff, 0xfc,

    /* U+017D "Ž" */
    0x0, 0x5c, 0x1c, 0x50, 0x0, 0x0, 0xae, 0x90,
    0x0, 0x0, 0x0, 0x0, 0x0, 0x5, 0xff, 0xff,
    0xff, 0xf1, 0x26, 0x66, 0x66, 0xcf, 0x0, 0x0,
    0x0, 0x3f, 0x60, 0x0, 0x0, 0xd, 0xb0, 0x0,
    0x0, 0x8, 0xf2, 0x0, 0x0, 0x3, 0xf6, 0x0,
    0x0, 0x0, 0xdb, 0x0, 0x0, 0x0, 0x8f, 0x20,
    0x0, 0x0, 0x3f, 0x60, 0x0, 0x0, 0xd, 0xb0,
    0x0, 0x0, 0x7, 0xf8, 0x66, 0x66, 0x61, 0x8f,
    0xff, 0xff, 0xff, 0x40,

    /* U+017E "ž" */
    0x0, 0x8a, 0x1e, 0x20, 0x0, 0xc, 0xe6, 0x0,
    0x0, 0x0, 0x0, 0x0, 0xf, 0xff, 0xff, 0xfa,
    0x3, 0x33, 0x35, 0xf7, 0x0, 0x0, 0x1d, 0xb0,
    0x0, 0x0, 0xbd, 0x0, 0x0, 0x9, 0xe1, 0x0,
    0x0, 0x6f, 0x30, 0x0, 0x4, 0xf5, 0x0, 0x0,
    0x1f, 0xb3, 0x33, 0x32, 0x3f, 0xff, 0xff, 0xfc,

    /* U+039B "Λ" */
    0x0, 0x0, 0xcf, 0x70, 0x0, 0x0, 0x0, 0x2f,
    0xbd, 0x0, 0x0, 0x0, 0x8, 0xd2, 0xf3, 0x0,
    0x0, 0x0, 0xe8, 0xd, 0x90, 0x0, 0x0, 0x4f,
    0x20, 0x7e, 0x0, 0x0, 0xa, 0xc0, 0x1, 0xf5,
    0x0, 0x0, 0xf6, 0x0, 0xc, 0xb0, 0x0, 0x6f,
    0x10, 0x0, 0x6f, 0x10, 0xc, 0xb0, 0x0, 0x1,
    0xf7, 0x2, 0xf5, 0x0, 0x0, 0xa, 0xd0, 0x8f,
    0x0, 0x0, 0x0, 0x5f, 0x30,

    /* U+03A9 "Ω" */
    0x0, 0x7, 0xdf, 0xeb, 0x40, 0x0, 0xc, 0xe8,
    0x55, 0xaf, 0x80, 0x9, 0xf2, 0x0, 0x0, 0x6f,
    0x40, 0xf8, 0x0, 0x0, 0x0, 0xda, 0x2f, 0x40,
    0x0, 0x0, 0x9, 0xd4, 0xf2, 0x0, 0x0, 0x0,
    0x7f, 0x2f, 0x40, 0x0, 0x0, 0x9, 0xd0, 0xd8,
    0x0, 0x0, 0x0, 0xd8, 0x5, 0xe1, 0x0, 0x0,
    0x5e, 0x11, 0x4a, 0xe6, 0x1, 0x8f, 0x74, 0x4f,
    0xff, 0xf0, 0x5f, 0xff, 0xf0,

    /* U+03BB "λ" */
    0xc, 0xe6, 0x0, 0x0, 0x0, 0x15, 0xf2, 0x0,
    0x0, 0x0, 0xb, 0x90, 0x0, 0x0, 0x0, 0xaf,
    0x10, 0x0, 0x0, 0x1f, 0xf7, 0x0, 0x0, 0x7,
    0xe8, 0xd0, 0x0, 0x0, 0xd8, 0x1f, 0x40, 0x0,
    0x4f, 0x10, 0xba, 0x0, 0xa, 0xb0, 0x4, 0xf1,
    0x1, 0xf5, 0x0, 0xd, 0xa1, 0x7e, 0x0, 0x0,
    0x3d, 0xc0,

    /* U+03BC "μ" */
    0x22, 0x0, 0x1, 0x3b, 0xa0, 0x0, 0x6e, 0xba,
    0x0, 0x6, 0xeb, 0xa0, 0x0, 0x6e, 0xba, 0x0,
    0x6, 0xeb, 0xa0, 0x0, 0x6e, 0xbc, 0x0, 0x9,
    0xeb, 0xf6, 0x27, 0xee, 0xbe, 0xef, 0xa6, 0xeb,
    0xa0, 0x0, 0x0, 0xba, 0x0, 0x0, 0x0,

    /* U+03C0 "π" */
    0x1f, 0xff, 0xff, 0xff, 0xfe, 0x2, 0x8f, 0x22,
    0x3f, 0x62, 0x0, 0x6f, 0x0, 0xf, 0x40, 0x0,
    0x6f, 0x0, 0xf, 0x40, 0x0, 0x6f, 0x0, 0xf,
    0x40, 0x0, 0x6f, 0x0, 0xf, 0x40, 0x0, 0x6f,
    0x0, 0xe, 0x92, 0x0, 0x6f, 0x0, 0x4, 0xde,

    /* U+03C9 "ω" */
    0x0, 0x7, 0xdf, 0xeb, 0x40, 0x0, 0xc, 0xe8,
    0x55, 0xaf, 0x80, 0x9, 0xf2, 0x0, 0x0, 0x6f,
    0x40, 0xf8, 0x0, 0x0, 0x0, 0xda, 0x2f, 0x40,
    0x0, 0x0, 0x9, 0xd4, 0xf2, 0x0, 0x0, 0x0,
    0x7f, 0x2f, 0x40, 0x0, 0x0, 0x9, 0xd0, 0xd8,
    0x0, 0x0, 0x0, 0xd8, 0x5, 0xe1, 0x0, 0x0,
    0x5e, 0x11, 0x4a, 0xe6, 0x1, 0x8f, 0x74, 0x4f,
    0xff, 0xf0, 0x5f, 0xff, 0xf0,

    /* U+2013 "–" */
    0x1, 0x11, 0x11, 0x11, 0x4, 0xff, 0xff, 0xff,
    0xfc, 0x13, 0x33, 0x33, 0x33, 0x20,

    /* U+2014 "—" */
    0x1, 0x11, 0x11, 0x11, 0x11, 0x11, 0x10, 0x4f,
    0xff, 0xff, 0xff, 0xff, 0xff, 0xfd, 0x13, 0x33,
    0x33, 0x33, 0x33, 0x33, 0x33,

    /* U+2018 "‘" */
    0x7, 0x50, 0xc1, 0x1d, 0x4, 0xf8, 0x3e, 0x70,

    /* U+2019 "’" */
    0x4f, 0x84, 0xf8, 0xa, 0x30, 0xd0, 0x13, 0x0,

    /* U+201A "‚" */
    0x4e, 0x74, 0xf8, 0xa, 0x31, 0xb0,

    /* U+201C "“" */
    0x7, 0x50, 0xc0, 0xc, 0x12, 0xb0, 0x1d, 0x6,
    0x70, 0x4f, 0x8a, 0xf2, 0x3e, 0x78, 0xe2,

    /* U+201D "”" */
    0x4f, 0x8a, 0xf2, 0x4f, 0x89, 0xf2, 0xa, 0x30,
    0xd0, 0xd, 0x5, 0x80, 0x13, 0x3, 0x10,

    /* U+201E "„" */
    0x4e, 0x79, 0xe2, 0x4f, 0x8a, 0xf2, 0xa, 0x31,
    0xc0, 0x1b, 0x6, 0x60,

    /* U+2020 "†" */
    0x0, 0xf, 0x50, 0x0, 0x0, 0xf5, 0x0, 0x0,
    0xf, 0x50, 0x8, 0xff, 0xff, 0xfe, 0x24, 0x4f,
    0x74, 0x30, 0x0, 0xf5, 0x0, 0x0, 0xf, 0x50,
    0x0, 0x0, 0xf5, 0x0, 0x0, 0xf, 0x50, 0x0,
    0x0, 0xf5, 0x0, 0x0, 0xf, 0x50, 0x0, 0x0,
    0xf5, 0x0,

    /* U+2021 "‡" */
    0x0, 0xf, 0x50, 0x0, 0x0, 0xf5, 0x0, 0x0,
    0xf, 0x50, 0x8, 0xff, 0xff, 0xfe, 0x24, 0x4f,
    0x74, 0x30, 0x0, 0xf5, 0x0, 0x0, 0xf, 0x50,
    0x0, 0x0, 0xf5, 0x0, 0x8f, 0xff, 0xff, 0xe1,
    0x33, 0xf7, 0x33, 0x0, 0xf, 0x50, 0x0, 0x0,
    0xf5, 0x0,

    /* U+2022 "•" */
    0x4, 0x84, 0x2, 0xff, 0xf2, 0x3f, 0xff, 0x30,
    0xaf, 0xa0,

    /* U+2026 "…" */
    0x4e, 0x74, 0xe6, 0x5e, 0x64, 0xf8, 0x5f, 0x76,
    0xf7,

    /* U+20AC "€" */
    0x0, 0x0, 0x4c, 0xfe, 0x91, 0x0, 0x0, 0x5f,
    0xc7, 0x8e, 0xd1, 0x0, 0x1f, 0x90, 0x0, 0x1e,
    0x80, 0x7, 0xf1, 0x0, 0x0, 0x45, 0x2f, 0xff,
    0xff, 0xf8, 0x0, 0x0, 0x3d, 0xb3, 0x33, 0x10,
    0x0, 0x0, 0xca, 0x0, 0x0, 0x0, 0x2, 0xff,
    0xff, 0xff, 0x30, 0x0, 0x3, 0x8f, 0x43, 0x30,
    0x6, 0x90, 0x1, 0xf9, 0x0, 0x1, 0xe9, 0x0,
    0x6, 0xfb, 0x78, 0xee, 0x10, 0x0, 0x4, 0xcf,
    0xea, 0x10
};


/*---------------------
 *  GLYPH DESCRIPTION
 *--------------------*/

static const lv_font_fmt_txt_glyph_dsc_t glyph_dsc[] = {
    {.bitmap_index = 0, .adv_w = 0, .box_w = 0, .box_h = 0, .ofs_x = 0, .ofs_y = 0} /* id = 0 reserved */,
    {.bitmap_index = 0, .adv_w = 64, .box_w = 0, .box_h = 0, .ofs_x = 0, .ofs_y = 0},
    {.bitmap_index = 0, .adv_w = 55, .box_w = 3, .box_h = 12, .ofs_x = 0, .ofs_y = 0},
    {.bitmap_index = 18, .adv_w = 89, .box_w = 5, .box_h = 5, .ofs_x = 0, .ofs_y = 7},
    {.bitmap_index = 31, .adv_w = 122, .box_w = 9, .box_h = 12, .ofs_x = -1, .ofs_y = 0},
    {.bitmap_index = 85, .adv_w = 161, .box_w = 10, .box_h = 16, .ofs_x = 0, .ofs_y = -2},
    {.bitmap_index = 165, .adv_w = 205, .box_w = 13, .box_h = 12, .ofs_x = 0, .ofs_y = 0},
    {.bitmap_index = 243, .adv_w = 159, .box_w = 10, .box_h = 12, .ofs_x = 0, .ofs_y = 0},
    {.bitmap_index = 303, .adv_w = 46, .box_w = 3, .box_h = 5, .ofs_x = 0, .ofs_y = 7},
    {.bitmap_index = 311, .adv_w = 70, .box_w = 5, .box_h = 15, .ofs_x = 0, .ofs_y = -2},
    {.bitmap_index = 349, .adv_w = 70, .box_w = 4, .box_h = 15, .ofs_x = 0, .ofs_y = -2},
    {.bitmap_index = 379, .adv_w = 110, .box_w = 7, .box_h = 7, .ofs_x = 0, .ofs_y = 6},
    {.bitmap_index = 404, .adv_w = 143, .box_w = 9, .box_h = 8, .ofs_x = 0, .ofs_y = 1},
    {.bitmap_index = 440, .adv_w = 51, .box_w = 3, .box_h = 4, .ofs_x = 0, .ofs_y = -2},
    {.bitmap_index = 446, .adv_w = 107, .box_w = 6, .box_h = 3, .ofs_x = 0, .ofs_y = 3},
    {.bitmap_index = 455, .adv_w = 51, .box_w = 3, .box_h = 2, .ofs_x = 0, .ofs_y = 0},
    {.bitmap_index = 458, .adv_w = 123, .box_w = 7, .box_h = 15, .ofs_x = 0, .ofs_y = -2},
    {.bitmap_index = 511, .adv_w = 170, .box_w = 10, .box_h = 12, .ofs_x = 0, .ofs_y = 0},
    {.bitmap_index = 571, .adv_w = 98, .box_w = 5, .box_h = 12, .ofs_x = 0, .ofs_y = 0},
    {.bitmap_index = 601, .adv_w = 158, .box_w = 9, .box_h = 12, .ofs_x = 0, .ofs_y = 0},
    {.bitmap_index = 655, .adv_w = 157, .box_w = 10, .box_h = 12, .ofs_x = 0, .ofs_y = 0},
    {.bitmap_index = 715, .adv_w = 157, .box_w = 10, .box_h = 12, .ofs_x = 0, .ofs_y = 0},
    {.bitmap_index = 775, .adv_w = 160, .box_w = 10, .box_h = 12, .ofs_x = 0, .ofs_y = 0},
    {.bitmap_index = 835, .adv_w = 152, .box_w = 9, .box_h = 12, .ofs_x = 0, .ofs_y = 0},
    {.bitmap_index = 889, .adv_w = 134, .box_w = 9, .box_h = 12, .ofs_x = 0, .ofs_y = 0},
    {.bitmap_index = 943, .adv_w = 155, .box_w = 10, .box_h = 12, .ofs_x = 0, .ofs_y = 0},
    {.bitmap_index = 1003, .adv_w = 152, .box_w = 9, .box_h = 12, .ofs_x = 0, .ofs_y = 0},
    {.bitmap_index = 1057, .adv_w = 76, .box_w = 3, .box_h = 9, .ofs_x = 1, .ofs_y = 0},
    {.bitmap_index = 1071, .adv_w = 76, .box_w = 3, .box_h = 11, .ofs_x = 1, .ofs_y = -2},
    {.bitmap_index = 1088, .adv_w = 139, .box_w = 8, .box_h = 10, .ofs_x = 0, .ofs_y = 0},
    {.bitmap_index = 1128, .adv_w = 138, .box_w = 8, .box_h = 6, .ofs_x = 0, .ofs_y = 2},
    {.bitmap_index = 1152, .adv_w = 139, .box_w = 9, .box_h = 10, .ofs_x = 0, .ofs_y = 0},
    {.bitmap_index = 1197, .adv_w = 143, .box_w = 9, .box_h = 12, .ofs_x = 0, .ofs_y = 0},
    {.bitmap_index = 1251, .adv_w = 232, .box_w = 14, .box_h = 14, .ofs_x = 0, .ofs_y = -2},
    {.bitmap_index = 1349, .adv_w = 171, .box_w = 11, .box_h = 12, .ofs_x = 0, .ofs_y = 0},
    {.bitmap_index = 1415, .adv_w = 174, .box_w = 9, .box_h = 12, .ofs_x = 1, .ofs_y = 0},
    {.bitmap_index = 1469, .adv_w = 180, .box_w = 11, .box_h = 12, .ofs_x = 0, .ofs_y = 0},
    {.bitmap_index = 1535, .adv_w = 178, .box_w = 10, .box_h = 12, .ofs_x = 1, .ofs_y = 0},
    {.bitmap_index = 1595, .adv_w = 154, .box_w = 8, .box_h = 12, .ofs_x = 1, .ofs_y = 0},
    {.bitmap_index = 1643, .adv_w = 151, .box_w = 8, .box_h = 12, .ofs_x = 1, .ofs_y = 0},
    {.bitmap_index = 1691, .adv_w = 179, .box_w = 11, .box_h = 12, .ofs_x = 0, .ofs_y = 0},
    {.bitmap_index = 1757, .adv_w = 183, .box_w = 9, .box_h = 12, .ofs_x = 1, .ofs_y = 0},
    {.bitmap_index = 1811, .adv_w = 69, .box_w = 2, .box_h = 12, .ofs_x = 1, .ofs_y = 0},
    {.bitmap_index = 1823, .adv_w = 153, .box_w = 8, .box_h = 12, .ofs_x = 1, .ofs_y = 0},
    {.bitmap_index = 1871, .adv_w = 164, .box_w = 9, .box_h = 12, .ofs_x = 1, .ofs_y = 0},
    {.bitmap_index = 1925, .adv_w = 148, .box_w = 8, .box_h = 12, .ofs_x = 1, .ofs_y = 0},
    {.bitmap_index = 1973, .adv_w = 225, .box_w = 12, .box_h = 12, .ofs_x = 1, .ofs_y = 0},
    {.bitmap_index = 2045, .adv_w = 190, .box_w = 10, .box_h = 12, .ofs_x = 1, .ofs_y = 0},
    {.bitmap_index = 2105, .adv_w = 189, .box_w = 12, .box_h = 12, .ofs_x = 0, .ofs_y = 0},
    {.bitmap_index = 2177, .adv_w = 166, .box_w = 9, .box_h = 12, .ofs_x = 1, .ofs_y = 0},
    {.bitmap_index = 2231, .adv_w = 188, .box_w = 12, .box_h = 13, .ofs_x = 0, .ofs_y = -1},
    {.bitmap_index = 2309, .adv_w = 172, .box_w = 9, .box_h = 12, .ofs_x = 1, .ofs_y = 0},
    {.bitmap_index = 2363, .adv_w = 164, .box_w = 10, .box_h = 12, .ofs_x = 0, .ofs_y = 0},
    {.bitmap_index = 2423, .adv_w = 141, .box_w = 9, .box_h = 12, .ofs_x = 0, .ofs_y = 0},
    {.bitmap_index = 2477, .adv_w = 176, .box_w = 9, .box_h = 12, .ofs_x = 1, .ofs_y = 0},
    {.bitmap_index = 2531, .adv_w = 171, .box_w = 11, .box_h = 12, .ofs_x = 0, .ofs_y = 0},
    {.bitmap_index = 2597, .adv_w = 242, .box_w = 15, .box_h = 12, .ofs_x = 0, .ofs_y = 0},
    {.bitmap_index = 2687, .adv_w = 155, .box_w = 10, .box_h = 12, .ofs_x = 0, .ofs_y = 0},
    {.bitmap_index = 2747, .adv_w = 147, .box_w = 11, .box_h = 12, .ofs_x = -1, .ofs_y = 0},
    {.bitmap_index = 2813, .adv_w = 139, .box_w = 9, .box_h = 12, .ofs_x = 0, .ofs_y = 0},
    {.bitmap_index = 2867, .adv_w = 89, .box_w = 5, .box_h = 15, .ofs_x = 1, .ofs_y = -3},
    {.bitmap_index = 2905, .adv_w = 116, .box_w = 7, .box_h = 15, .ofs_x = 0, .ofs_y = -2},
    {.bitmap_index = 2958, .adv_w = 89, .box_w = 5, .box_h = 15, .ofs_x = 0, .ofs_y = -3},
    {.bitmap_index = 2996, .adv_w = 109, .box_w = 7, .box_h = 5, .ofs_x = 0, .ofs_y = 6},
    {.bitmap_index = 3014, .adv_w = 143, .box_w = 9, .box_h = 3, .ofs_x = 0, .ofs_y = -2},
    {.bitmap_index = 3028, .adv_w = 63, .box_w = 4, .box_h = 3, .ofs_x = 0, .ofs_y = 10},
    {.bitmap_index = 3034, .adv_w = 141, .box_w = 9, .box_h = 9, .ofs_x = 0, .ofs_y = 0},
    {.bitmap_index = 3075, .adv_w = 152, .box_w = 8, .box_h = 12, .ofs_x = 1, .ofs_y = 0},
    {.bitmap_index = 3123, .adv_w = 140, .box_w = 9, .box_h = 9, .ofs_x = 0, .ofs_y = 0},
    {.bitmap_index = 3164, .adv_w = 152, .box_w = 9, .box_h = 12, .ofs_x = 0, .ofs_y = 0},
    {.bitmap_index = 3218, .adv_w = 144, .box_w = 9, .box_h = 9, .ofs_x = 0, .ofs_y = 0},
    {.bitmap_index = 3259, .adv_w = 101, .box_w = 6, .box_h = 12, .ofs_x = 0, .ofs_y = 0},
    {.bitmap_index = 3295, .adv_w = 152, .box_w = 9, .box_h = 11, .ofs_x = 0, .ofs_y = -2},
    {.bitmap_index = 3345, .adv_w = 149, .box_w = 8, .box_h = 12, .ofs_x = 1, .ofs_y = 0},
    {.bitmap_index = 3393, .adv_w = 62, .box_w = 2, .box_h = 12, .ofs_x = 1, .ofs_y = 0},
    {.bitmap_index = 3405, .adv_w = 67, .box_w = 4, .box_h = 14, .ofs_x = -1, .ofs_y = -2},
    {.bitmap_index = 3433, .adv_w = 151, .box_w = 8, .box_h = 12, .ofs_x = 1, .ofs_y = 0},
    {.bitmap_index = 3481, .adv_w = 68, .box_w = 3, .box_h = 12, .ofs_x = 1, .ofs_y = 0},
    {.bitmap_index = 3499, .adv_w = 225, .box_w = 12, .box_h = 9, .ofs_x = 1, .ofs_y = 0},
    {.bitmap_index = 3553, .adv_w = 149, .box_w = 8, .box_h = 9, .ofs_x = 1, .ofs_y = 0},
    {.bitmap_index = 3589, .adv_w = 147, .box_w = 9, .box_h = 9, .ofs_x = 0, .ofs_y = 0},
    {.bitmap_index = 3630, .adv_w = 152, .box_w = 8, .box_h = 11, .ofs_x = 1, .ofs_y = -2},
    {.bitmap_index = 3674, .adv_w = 152, .box_w = 9, .box_h = 11, .ofs_x = 0, .ofs_y = -2},
    {.bitmap_index = 3724, .adv_w = 97, .box_w = 5, .box_h = 9, .ofs_x = 1, .ofs_y = 0},
    {.bitmap_index = 3747, .adv_w = 133, .box_w = 8, .box_h = 9, .ofs_x = 0, .ofs_y = 0},
    {.bitmap_index = 3783, .adv_w = 100, .box_w = 6, .box_h = 11, .ofs_x = 0, .ofs_y = 0},
    {.bitmap_index = 3816, .adv_w = 147, .box_w = 7, .box_h = 9, .ofs_x = 1, .ofs_y = 0},
    {.bitmap_index = 3848, .adv_w = 137, .box_w = 9, .box_h = 9, .ofs_x = 0, .ofs_y = 0},
    {.bitmap_index = 3889, .adv_w = 210, .box_w = 13, .box_h = 9, .ofs_x = 0, .ofs_y = 0},
    {.bitmap_index = 3948, .adv_w = 150, .box_w = 9, .box_h = 9, .ofs_x = 0, .ofs_y = 0},
    {.bitmap_index = 3989, .adv_w = 137, .box_w = 9, .box_h = 11, .ofs_x = 0, .ofs_y = -2},
    {.bitmap_index = 4039, .adv_w = 137, .box_w = 8, .box_h = 9, .ofs_x = 0, .ofs_y = 0},
    {.bitmap_index = 4075, .adv_w = 100, .box_w = 6, .box_h = 16, .ofs_x = 0, .ofs_y = -3},
    {.bitmap_index = 4123, .adv_w = 68, .box_w = 2, .box_h = 15, .ofs_x = 1, .ofs_y = -2},
    {.bitmap_index = 4138, .adv_w = 100, .box_w = 6, .box_h = 16, .ofs_x = 0, .ofs_y = -3},
    {.bitmap_index = 4186, .adv_w = 134, .box_w = 8, .box_h = 5, .ofs_x = 0, .ofs_y = 3},
    {.bitmap_index = 4206, .adv_w = 64, .box_w = 0, .box_h = 0, .ofs_x = 0, .ofs_y = 0},
    {.bitmap_index = 4206, .adv_w = 55, .box_w = 3, .box_h = 11, .ofs_x = 0, .ofs_y = -2},
    {.bitmap_index = 4223, .adv_w = 140, .box_w = 9, .box_h = 12, .ofs_x = 0, .ofs_y = 0},
    {.bitmap_index = 4277, .adv_w = 156, .box_w = 10, .box_h = 12, .ofs_x = 0, .ofs_y = 0},
    {.bitmap_index = 4337, .adv_w = 160, .box_w = 10, .box_h = 10, .ofs_x = 0, .ofs_y = 0},
    {.bitmap_index = 4387, .adv_w = 147, .box_w = 11, .box_h = 12, .ofs_x = -1, .ofs_y = 0},
    {.bitmap_index = 4453, .adv_w = 68, .box_w = 2, .box_h = 14, .ofs_x = 1, .ofs_y = -2},
    {.bitmap_index = 4467, .adv_w = 141, .box_w = 8, .box_h = 14, .ofs_x = 0, .ofs_y = -2},
    {.bitmap_index = 4523, .adv_w = 90, .box_w = 5, .box_h = 2, .ofs_x = 0, .ofs_y = 10},
    {.bitmap_index = 4528, .adv_w = 212, .box_w = 13, .box_h = 14, .ofs_x = 0, .ofs_y = -1},
    {.bitmap_index = 4619, .adv_w = 103, .box_w = 6, .box_h = 6, .ofs_x = 0, .ofs_y = 5},
    {.bitmap_index = 4637, .adv_w = 136, .box_w = 8, .box_h = 7, .ofs_x = 0, .ofs_y = 1},
    {.bitmap_index = 4665, .adv_w = 128, .box_w = 8, .box_h = 6, .ofs_x = 0, .ofs_y = 0},
    {.bitmap_index = 4689, .adv_w = 163, .box_w = 10, .box_h = 9, .ofs_x = 0, .ofs_y = 3},
    {.bitmap_index = 4734, .adv_w = 91, .box_w = 5, .box_h = 3, .ofs_x = 0, .ofs_y = 10},
    {.bitmap_index = 4742, .adv_w = 103, .box_w = 6, .box_h = 6, .ofs_x = 0, .ofs_y = 6},
    {.bitmap_index = 4760, .adv_w = 138, .box_w = 8, .box_h = 10, .ofs_x = 0, .ofs_y = 0},
    {.bitmap_index = 4800, .adv_w = 89, .box_w = 5, .box_h = 6, .ofs_x = 0, .ofs_y = 5},
    {.bitmap_index = 4815, .adv_w = 85, .box_w = 5, .box_h = 6, .ofs_x = 0, .ofs_y = 5},
    {.bitmap_index = 4830, .adv_w = 63, .box_w = 4, .box_h = 3, .ofs_x = 0, .ofs_y = 10},
    {.bitmap_index = 4836, .adv_w = 147, .box_w = 7, .box_h = 11, .ofs_x = 1, .ofs_y = -2},
    {.bitmap_index = 4875, .adv_w = 153, .box_w = 9, .box_h = 12, .ofs_x = 0, .ofs_y = 0},
    {.bitmap_index = 4929, .adv_w = 51, .box_w = 3, .box_h = 2, .ofs_x = 0, .ofs_y = 4},
    {.bitmap_index = 4932, .adv_w = 81, .box_w = 5, .box_h = 4, .ofs_x = 0, .ofs_y = -4},
    {.bitmap_index = 4942, .adv_w = 62, .box_w = 3, .box_h = 6, .ofs_x = 0, .ofs_y = 5},
    {.bitmap_index = 4951, .adv_w = 107, .box_w = 7, .box_h = 6, .ofs_x = 0, .ofs_y = 5},
    {.bitmap_index = 4972, .adv_w = 137, .box_w = 8, .box_h = 7, .ofs_x = 0, .ofs_y = 1},
    {.bitmap_index = 5000, .adv_w = 187, .box_w = 12, .box_h = 12, .ofs_x = 0, .ofs_y = 0},
    {.bitmap_index = 5072, .adv_w = 205, .box_w = 13, .box_h = 13, .ofs_x = 0, .ofs_y = 0},
    {.bitmap_index = 5157, .adv_w = 200, .box_w = 13, .box_h = 12, .ofs_x = 0, .ofs_y = 0},
    {.bitmap_index = 5235, .adv_w = 143, .box_w = 9, .box_h = 12, .ofs_x = 0, .ofs_y = -2},
    {.bitmap_index = 5289, .adv_w = 171, .box_w = 11, .box_h = 15, .ofs_x = 0, .ofs_y = 0},
    {.bitmap_index = 5372, .adv_w = 171, .box_w = 11, .box_h = 15, .ofs_x = 0, .ofs_y = 0},
    {.bitmap_index = 5455, .adv_w = 171, .box_w = 11, .box_h = 15, .ofs_x = 0, .ofs_y = 0},
    {.bitmap_index = 5538, .adv_w = 171, .box_w = 11, .box_h = 15, .ofs_x = 0, .ofs_y = 0},
    {.bitmap_index = 5621, .adv_w = 171, .box_w = 11, .box_h = 15, .ofs_x = 0, .ofs_y = 0},
    {.bitmap_index = 5704, .adv_w = 171, .box_w = 11, .box_h = 16, .ofs_x = 0, .ofs_y = 0},
    {.bitmap_index = 5792, .adv_w = 249, .box_w = 15, .box_h = 12, .ofs_x = 0, .ofs_y = 0},
    {.bitmap_index = 5882, .adv_w = 180, .box_w = 11, .box_h = 15, .ofs_x = 0, .ofs_y = -3},
    {.bitmap_index = 5965, .adv_w = 154, .box_w = 8, .box_h = 15, .ofs_x = 1, .ofs_y = 0},
    {.bitmap_index = 6025, .adv_w = 154, .box_w = 8, .box_h = 15, .ofs_x = 1, .ofs_y = 0},
    {.bitmap_index = 6085, .adv_w = 154, .box_w = 8, .box_h = 15, .ofs_x = 1, .ofs_y = 0},
    {.bitmap_index = 6145, .adv_w = 154, .box_w = 8, .box_h = 15, .ofs_x = 1, .ofs_y = 0},
    {.bitmap_index = 6205, .adv_w = 69, .box_w = 3, .box_h = 15, .ofs_x = 0, .ofs_y = 0},
    {.bitmap_index = 6228, .adv_w = 69, .box_w = 4, .box_h = 15, .ofs_x = 1, .ofs_y = 0},
    {.bitmap_index = 6258, .adv_w = 69, .box_w = 6, .box_h = 15, .ofs_x = -1, .ofs_y = 0},
    {.bitmap_index = 6303, .adv_w = 69, .box_w = 5, .box_h = 15, .ofs_x = 0, .ofs_y = 0},
    {.bitmap_index = 6341, .adv_w = 178, .box_w = 11, .box_h = 12, .ofs_x = 0, .ofs_y = 0},
    {.bitmap_index = 6407, .adv_w = 190, .box_w = 10, .box_h = 15, .ofs_x = 1, .ofs_y = 0},
    {.bitmap_index = 6482, .adv_w = 189, .box_w = 12, .box_h = 16, .ofs_x = 0, .ofs_y = 0},
    {.bitmap_index = 6578, .adv_w = 189, .box_w = 12, .box_h = 16, .ofs_x = 0, .ofs_y = 0},
    {.bitmap_index = 6674, .adv_w = 189, .box_w = 12, .box_h = 16, .ofs_x = 0, .ofs_y = 0},
    {.bitmap_index = 6770, .adv_w = 189, .box_w = 12, .box_h = 15, .ofs_x = 0, .ofs_y = 0},
    {.bitmap_index = 6860, .adv_w = 189, .box_w = 12, .box_h = 15, .ofs_x = 0, .ofs_y = 0},
    {.bitmap_index = 6950, .adv_w = 129, .box_w = 8, .box_h = 8, .ofs_x = 0, .ofs_y = 1},
    {.bitmap_index = 6982, .adv_w = 189, .box_w = 12, .box_h = 12, .ofs_x = 0, .ofs_y = 0},
    {.bitmap_index = 7054, .adv_w = 176, .box_w = 9, .box_h = 16, .ofs_x = 1, .ofs_y = 0},
    {.bitmap_index = 7126, .adv_w = 176, .box_w = 9, .box_h = 16, .ofs_x = 1, .ofs_y = 0},
    {.bitmap_index = 7198, .adv_w = 176, .box_w = 9, .box_h = 16, .ofs_x = 1, .ofs_y = 0},
    {.bitmap_index = 7270, .adv_w = 176, .box_w = 9, .box_h = 15, .ofs_x = 1, .ofs_y = 0},
    {.bitmap_index = 7338, .adv_w = 147, .box_w = 11, .box_h = 15, .ofs_x = -1, .ofs_y = 0},
    {.bitmap_index = 7421, .adv_w = 159, .box_w = 9, .box_h = 12, .ofs_x = 1, .ofs_y = 0},
    {.bitmap_index = 7475, .adv_w = 150, .box_w = 8, .box_h = 12, .ofs_x = 1, .ofs_y = 0},
    {.bitmap_index = 7523, .adv_w = 141, .box_w = 9, .box_h = 12, .ofs_x = 0, .ofs_y = 0},
    {.bitmap_index = 7577, .adv_w = 141, .box_w = 9, .box_h = 12, .ofs_x = 0, .ofs_y = 0},
    {.bitmap_index = 7631, .adv_w = 141, .box_w = 9, .box_h = 12, .ofs_x = 0, .ofs_y = 0},
    {.bitmap_index = 7685, .adv_w = 141, .box_w = 9, .box_h = 12, .ofs_x = 0, .ofs_y = 0},
    {.bitmap_index = 7739, .adv_w = 141, .box_w = 9, .box_h = 12, .ofs_x = 0, .ofs_y = 0},
    {.bitmap_index = 7793, .adv_w = 141, .box_w = 9, .box_h = 13, .ofs_x = 0, .ofs_y = 0},
    {.bitmap_index = 7852, .adv_w = 235, .box_w = 14, .box_h = 9, .ofs_x = 0, .ofs_y = 0},
    {.bitmap_index = 7915, .adv_w = 140, .box_w = 9, .box_h = 12, .ofs_x = 0, .ofs_y = -3},
    {.bitmap_index = 7969, .adv_w = 144, .box_w = 9, .box_h = 12, .ofs_x = 0, .ofs_y = 0},
    {.bitmap_index = 8023, .adv_w = 144, .box_w = 9, .box_h = 12, .ofs_x = 0, .ofs_y = 0},
    {.bitmap_index = 8077, .adv_w = 144, .box_w = 9, .box_h = 12, .ofs_x = 0, .ofs_y = 0},
    {.bitmap_index = 8131, .adv_w = 144, .box_w = 9, .box_h = 12, .ofs_x = 0, .ofs_y = 0},
    {.bitmap_index = 8185, .adv_w = 62, .box_w = 3, .box_h = 12, .ofs_x = 0, .ofs_y = 0},
    {.bitmap_index = 8203, .adv_w = 62, .box_w = 3, .box_h = 12, .ofs_x = 1, .ofs_y = 0},
    {.bitmap_index = 8221, .adv_w = 62, .box_w = 6, .box_h = 12, .ofs_x = -1, .ofs_y = 0},
    {.bitmap_index = 8257, .adv_w = 62, .box_w = 4, .box_h = 12, .ofs_x = 0, .ofs_y = 0},
    {.bitmap_index = 8281, .adv_w = 147, .box_w = 9, .box_h = 12, .ofs_x = 0, .ofs_y = 0},
    {.bitmap_index = 8335, .adv_w = 149, .box_w = 8, .box_h = 12, .ofs_x = 1, .ofs_y = 0},
    {.bitmap_index = 8383, .adv_w = 147, .box_w = 9, .box_h = 12, .ofs_x = 0, .ofs_y = 0},
    {.bitmap_index = 8437, .adv_w = 147, .box_w = 9, .box_h = 12, .ofs_x = 0, .ofs_y = 0},
    {.bitmap_index = 8491, .adv_w = 147, .box_w = 9, .box_h = 12, .ofs_x = 0, .ofs_y = 0},
    {.bitmap_index = 8545, .adv_w = 147, .box_w = 9, .box_h = 12, .ofs_x = 0, .ofs_y = 0},
    {.bitmap_index = 8599, .adv_w = 147, .box_w = 9, .box_h = 12, .ofs_x = 0, .ofs_y = 0},
    {.bitmap_index = 8653, .adv_w = 138, .box_w = 8, .box_h = 9, .ofs_x = 0, .ofs_y = 0},
    {.bitmap_index = 8689, .adv_w = 147, .box_w = 9, .box_h = 9, .ofs_x = 0, .ofs_y = 0},
    {.bitmap_index = 8730, .adv_w = 147, .box_w = 7, .box_h = 12, .ofs_x = 1, .ofs_y = 0},
    {.bitmap_index = 8772, .adv_w = 147, .box_w = 7, .box_h = 12, .ofs_x = 1, .ofs_y = 0},
    {.bitmap_index = 8814, .adv_w = 147, .box_w = 7, .box_h = 12, .ofs_x = 1, .ofs_y = 0},
    {.bitmap_index = 8856, .adv_w = 147, .box_w = 7, .box_h = 12, .ofs_x = 1, .ofs_y = 0},
    {.bitmap_index = 8898, .adv_w = 137, .box_w = 9, .box_h = 14, .ofs_x = 0, .ofs_y = -2},
    {.bitmap_index = 8961, .adv_w = 152, .box_w = 8, .box_h = 14, .ofs_x = 1, .ofs_y = -2},
    {.bitmap_index = 9017, .adv_w = 137, .box_w = 9, .box_h = 14, .ofs_x = 0, .ofs_y = -2},
    {.bitmap_index = 9080, .adv_w = 171, .box_w = 11, .box_h = 15, .ofs_x = 0, .ofs_y = 0},
    {.bitmap_index = 9163, .adv_w = 141, .box_w = 9, .box_h = 12, .ofs_x = 0, .ofs_y = 0},
    {.bitmap_index = 9217, .adv_w = 171, .box_w = 11, .box_h = 15, .ofs_x = 0, .ofs_y = 0},
    {.bitmap_index = 9300, .adv_w = 141, .box_w = 9, .box_h = 12, .ofs_x = 0, .ofs_y = 0},
    {.bitmap_index = 9354, .adv_w = 171, .box_w = 11, .box_h = 16, .ofs_x = 0, .ofs_y = -4},
    {.bitmap_index = 9442, .adv_w = 141, .box_w = 10, .box_h = 13, .ofs_x = 0, .ofs_y = -4},
    {.bitmap_index = 9507, .adv_w = 180, .box_w = 11, .box_h = 16, .ofs_x = 0, .ofs_y = 0},
    {.bitmap_index = 9595, .adv_w = 140, .box_w = 9, .box_h = 12, .ofs_x = 0, .ofs_y = 0},
    {.bitmap_index = 9649, .adv_w = 180, .box_w = 11, .box_h = 16, .ofs_x = 0, .ofs_y = 0},
    {.bitmap_index = 9737, .adv_w = 140, .box_w = 9, .box_h = 12, .ofs_x = 0, .ofs_y = 0},
    {.bitmap_index = 9791, .adv_w = 180, .box_w = 11, .box_h = 15, .ofs_x = 0, .ofs_y = 0},
    {.bitmap_index = 9874, .adv_w = 140, .box_w = 9, .box_h = 12, .ofs_x = 0, .ofs_y = 0},
    {.bitmap_index = 9928, .adv_w = 180, .box_w = 11, .box_h = 16, .ofs_x = 0, .ofs_y = 0},
    {.bitmap_index = 10016, .adv_w = 140, .box_w = 9, .box_h = 12, .ofs_x = 0, .ofs_y = 0},
    {.bitmap_index = 10070, .adv_w = 178, .box_w = 10, .box_h = 15, .ofs_x = 1, .ofs_y = 0},
    {.bitmap_index = 10145, .adv_w = 169, .box_w = 11, .box_h = 12, .ofs_x = 0, .ofs_y = 0},
    {.bitmap_index = 10211, .adv_w = 178, .box_w = 11, .box_h = 12, .ofs_x = 0, .ofs_y = 0},
    {.bitmap_index = 10277, .adv_w = 152, .box_w = 10, .box_h = 12, .ofs_x = 0, .ofs_y = 0},
    {.bitmap_index = 10337, .adv_w = 154, .box_w = 8, .box_h = 15, .ofs_x = 1, .ofs_y = 0},
    {.bitmap_index = 10397, .adv_w = 144, .box_w = 9, .box_h = 12, .ofs_x = 0, .ofs_y = 0},
    {.bitmap_index = 10451, .adv_w = 154, .box_w = 8, .box_h = 15, .ofs_x = 1, .ofs_y = 0},
    {.bitmap_index = 10511, .adv_w = 144, .box_w = 9, .box_h = 12, .ofs_x = 0, .ofs_y = 0},
    {.bitmap_index = 10565, .adv_w = 154, .box_w = 9, .box_h = 16, .ofs_x = 1, .ofs_y = -4},
    {.bitmap_index = 10637, .adv_w = 144, .box_w = 9, .box_h = 13, .ofs_x = 0, .ofs_y = -4},
    {.bitmap_index = 10696, .adv_w = 154, .box_w = 8, .box_h = 15, .ofs_x = 1, .ofs_y = 0},
    {.bitmap_index = 10756, .adv_w = 144, .box_w = 9, .box_h = 12, .ofs_x = 0, .ofs_y = 0},
    {.bitmap_index = 10810, .adv_w = 179, .box_w = 11, .box_h = 16, .ofs_x = 0, .ofs_y = 0},
    {.bitmap_index = 10898, .adv_w = 152, .box_w = 9, .box_h = 14, .ofs_x = 0, .ofs_y = -2},
    {.bitmap_index = 10961, .adv_w = 179, .box_w = 11, .box_h = 16, .ofs_x = 0, .ofs_y = 0},
    {.bitmap_index = 11049, .adv_w = 152, .box_w = 9, .box_h = 14, .ofs_x = 0, .ofs_y = -2},
    {.bitmap_index = 11112, .adv_w = 179, .box_w = 11, .box_h = 15, .ofs_x = 0, .ofs_y = 0},
    {.bitmap_index = 11195, .adv_w = 152, .box_w = 9, .box_h = 14, .ofs_x = 0, .ofs_y = -2},
    {.bitmap_index = 11258, .adv_w = 179, .box_w = 11, .box_h = 16, .ofs_x = 0, .ofs_y = -4},
    {.bitmap_index = 11346, .adv_w = 152, .box_w = 9, .box_h = 16, .ofs_x = 0, .ofs_y = -2},
    {.bitmap_index = 11418, .adv_w = 183, .box_w = 9, .box_h = 15, .ofs_x = 1, .ofs_y = 0},
    {.bitmap_index = 11486, .adv_w = 149, .box_w = 10, .box_h = 15, .ofs_x = -1, .ofs_y = 0},
    {.bitmap_index = 11561, .adv_w = 183, .box_w = 12, .box_h = 12, .ofs_x = 0, .ofs_y = 0},
    {.bitmap_index = 11633, .adv_w = 149, .box_w = 9, .box_h = 12, .ofs_x = 0, .ofs_y = 0},
    {.bitmap_index = 11687, .adv_w = 69, .box_w = 6, .box_h = 15, .ofs_x = -1, .ofs_y = 0},
    {.bitmap_index = 11732, .adv_w = 62, .box_w = 6, .box_h = 12, .ofs_x = -1, .ofs_y = 0},
    {.bitmap_index = 11768, .adv_w = 69, .box_w = 5, .box_h = 15, .ofs_x = 0, .ofs_y = 0},
    {.bitmap_index = 11806, .adv_w = 62, .box_w = 6, .box_h = 12, .ofs_x = -1, .ofs_y = 0},
    {.bitmap_index = 11842, .adv_w = 69, .box_w = 4, .box_h = 16, .ofs_x = 0, .ofs_y = -4},
    {.bitmap_index = 11874, .adv_w = 62, .box_w = 4, .box_h = 16, .ofs_x = 0, .ofs_y = -4},
    {.bitmap_index = 11906, .adv_w = 69, .box_w = 2, .box_h = 15, .ofs_x = 1, .ofs_y = 0},
    {.bitmap_index = 11921, .adv_w = 62, .box_w = 2, .box_h = 9, .ofs_x = 1, .ofs_y = 0},
    {.bitmap_index = 11930, .adv_w = 217, .box_w = 12, .box_h = 12, .ofs_x = 1, .ofs_y = 0},
    {.bitmap_index = 12002, .adv_w = 126, .box_w = 6, .box_h = 14, .ofs_x = 1, .ofs_y = -2},
    {.bitmap_index = 12044, .adv_w = 153, .box_w = 9, .box_h = 16, .ofs_x = 1, .ofs_y = 0},
    {.bitmap_index = 12116, .adv_w = 67, .box_w = 6, .box_h = 14, .ofs_x = -1, .ofs_y = -2},
    {.bitmap_index = 12158, .adv_w = 164, .box_w = 9, .box_h = 16, .ofs_x = 1, .ofs_y = -4},
    {.bitmap_index = 12230, .adv_w = 151, .box_w = 8, .box_h = 16, .ofs_x = 1, .ofs_y = -4},
    {.bitmap_index = 12294, .adv_w = 148, .box_w = 8, .box_h = 15, .ofs_x = 1, .ofs_y = 0},
    {.bitmap_index = 12354, .adv_w = 68, .box_w = 3, .box_h = 15, .ofs_x = 1, .ofs_y = 0},
    {.bitmap_index = 12377, .adv_w = 148, .box_w = 8, .box_h = 16, .ofs_x = 1, .ofs_y = -4},
    {.bitmap_index = 12441, .adv_w = 68, .box_w = 3, .box_h = 16, .ofs_x = 1, .ofs_y = -4},
    {.bitmap_index = 12465, .adv_w = 148, .box_w = 8, .box_h = 12, .ofs_x = 1, .ofs_y = 0},
    {.bitmap_index = 12513, .adv_w = 81, .box_w = 5, .box_h = 12, .ofs_x = 1, .ofs_y = 0},
    {.bitmap_index = 12543, .adv_w = 148, .box_w = 9, .box_h = 12, .ofs_x = 0, .ofs_y = 0},
    {.bitmap_index = 12597, .adv_w = 68, .box_w = 4, .box_h = 12, .ofs_x = 0, .ofs_y = 0},
    {.bitmap_index = 12621, .adv_w = 190, .box_w = 10, .box_h = 15, .ofs_x = 1, .ofs_y = 0},
    {.bitmap_index = 12696, .adv_w = 149, .box_w = 8, .box_h = 12, .ofs_x = 1, .ofs_y = 0},
    {.bitmap_index = 12744, .adv_w = 190, .box_w = 10, .box_h = 16, .ofs_x = 1, .ofs_y = -4},
    {.bitmap_index = 12824, .adv_w = 149, .box_w = 8, .box_h = 13, .ofs_x = 1, .ofs_y = -4},
    {.bitmap_index = 12876, .adv_w = 190, .box_w = 10, .box_h = 15, .ofs_x = 1, .ofs_y = 0},
    {.bitmap_index = 12951, .adv_w = 149, .box_w = 8, .box_h = 12, .ofs_x = 1, .ofs_y = 0},
    {.bitmap_index = 12999, .adv_w = 190, .box_w = 10, .box_h = 14, .ofs_x = 1, .ofs_y = -2},
    {.bitmap_index = 13069, .adv_w = 149, .box_w = 8, .box_h = 11, .ofs_x = 1, .ofs_y = -2},
    {.bitmap_index = 13113, .adv_w = 189, .box_w = 12, .box_h = 15, .ofs_x = 0, .ofs_y = 0},
    {.bitmap_index = 13203, .adv_w = 147, .box_w = 9, .box_h = 12, .ofs_x = 0, .ofs_y = 0},
    {.bitmap_index = 13257, .adv_w = 189, .box_w = 12, .box_h = 16, .ofs_x = 0, .ofs_y = 0},
    {.bitmap_index = 13353, .adv_w = 147, .box_w = 9, .box_h = 12, .ofs_x = 0, .ofs_y = 0},
    {.bitmap_index = 13407, .adv_w = 279, .box_w = 17, .box_h = 12, .ofs_x = 0, .ofs_y = 0},
    {.bitmap_index = 13509, .adv_w = 245, .box_w = 15, .box_h = 9, .ofs_x = 0, .ofs_y = 0},
    {.bitmap_index = 13577, .adv_w = 172, .box_w = 9, .box_h = 15, .ofs_x = 1, .ofs_y = 0},
    {.bitmap_index = 13645, .adv_w = 97, .box_w = 5, .box_h = 12, .ofs_x = 1, .ofs_y = 0},
    {.bitmap_index = 13675, .adv_w = 172, .box_w = 9, .box_h = 16, .ofs_x = 1, .ofs_y = -4},
    {.bitmap_index = 13747, .adv_w = 97, .box_w = 6, .box_h = 13, .ofs_x = 0, .ofs_y = -4},
    {.bitmap_index = 13786, .adv_w = 172, .box_w = 9, .box_h = 15, .ofs_x = 1, .ofs_y = 0},
    {.bitmap_index = 13854, .adv_w = 97, .box_w = 6, .box_h = 12, .ofs_x = 0, .ofs_y = 0},
    {.bitmap_index = 13890, .adv_w = 164, .box_w = 10, .box_h = 16, .ofs_x = 0, .ofs_y = 0},
    {.bitmap_index = 13970, .adv_w = 133, .box_w = 8, .box_h = 12, .ofs_x = 0, .ofs_y = 0},
    {.bitmap_index = 14018, .adv_w = 164, .box_w = 10, .box_h = 16, .ofs_x = 0, .ofs_y = 0},
    {.bitmap_index = 14098, .adv_w = 133, .box_w = 8, .box_h = 12, .ofs_x = 0, .ofs_y = 0},
    {.bitmap_index = 14146, .adv_w = 164, .box_w = 10, .box_h = 15, .ofs_x = 0, .ofs_y = -3},
    {.bitmap_index = 14221, .adv_w = 133, .box_w = 8, .box_h = 12, .ofs_x = 0, .ofs_y = -3},
    {.bitmap_index = 14269, .adv_w = 164, .box_w = 10, .box_h = 16, .ofs_x = 0, .ofs_y = 0},
    {.bitmap_index = 14349, .adv_w = 133, .box_w = 8, .box_h = 12, .ofs_x = 0, .ofs_y = 0},
    {.bitmap_index = 14397, .adv_w = 141, .box_w = 9, .box_h = 16, .ofs_x = 0, .ofs_y = -4},
    {.bitmap_index = 14469, .adv_w = 100, .box_w = 6, .box_h = 15, .ofs_x = 0, .ofs_y = -4},
    {.bitmap_index = 14514, .adv_w = 141, .box_w = 9, .box_h = 15, .ofs_x = 0, .ofs_y = 0},
    {.bitmap_index = 14582, .adv_w = 102, .box_w = 7, .box_h = 13, .ofs_x = 0, .ofs_y = 0},
    {.bitmap_index = 14628, .adv_w = 141, .box_w = 9, .box_h = 12, .ofs_x = 0, .ofs_y = 0},
    {.bitmap_index = 14682, .adv_w = 100, .box_w = 6, .box_h = 11, .ofs_x = 0, .ofs_y = 0},
    {.bitmap_index = 14715, .adv_w = 176, .box_w = 9, .box_h = 15, .ofs_x = 1, .ofs_y = 0},
    {.bitmap_index = 14783, .adv_w = 147, .box_w = 7, .box_h = 12, .ofs_x = 1, .ofs_y = 0},
    {.bitmap_index = 14825, .adv_w = 176, .box_w = 9, .box_h = 15, .ofs_x = 1, .ofs_y = 0},
    {.bitmap_index = 14893, .adv_w = 147, .box_w = 7, .box_h = 12, .ofs_x = 1, .ofs_y = 0},
    {.bitmap_index = 14935, .adv_w = 176, .box_w = 9, .box_h = 16, .ofs_x = 1, .ofs_y = 0},
    {.bitmap_index = 15007, .adv_w = 147, .box_w = 7, .box_h = 12, .ofs_x = 1, .ofs_y = 0},
    {.bitmap_index = 15049, .adv_w = 176, .box_w = 9, .box_h = 16, .ofs_x = 1, .ofs_y = 0},
    {.bitmap_index = 15121, .adv_w = 147, .box_w = 7, .box_h = 13, .ofs_x = 1, .ofs_y = 0},
    {.bitmap_index = 15167, .adv_w = 176, .box_w = 9, .box_h = 16, .ofs_x = 1, .ofs_y = 0},
    {.bitmap_index = 15239, .adv_w = 147, .box_w = 7, .box_h = 12, .ofs_x = 1, .ofs_y = 0},
    {.bitmap_index = 15281, .adv_w = 176, .box_w = 9, .box_h = 16, .ofs_x = 1, .ofs_y = -4},
    {.bitmap_index = 15353, .adv_w = 147, .box_w = 8, .box_h = 13, .ofs_x = 1, .ofs_y = -4},
    {.bitmap_index = 15405, .adv_w = 242, .box_w = 15, .box_h = 15, .ofs_x = 0, .ofs_y = 0},
    {.bitmap_index = 15518, .adv_w = 210, .box_w = 13, .box_h = 12, .ofs_x = 0, .ofs_y = 0},
    {.bitmap_index = 15596, .adv_w = 147, .box_w = 11, .box_h = 15, .ofs_x = -1, .ofs_y = 0},
    {.bitmap_index = 15679, .adv_w = 137, .box_w = 9, .box_h = 14, .ofs_x = 0, .ofs_y = -2},
    {.bitmap_index = 15742, .adv_w = 147, .box_w = 11, .box_h = 15, .ofs_x = -1, .ofs_y = 0},
    {.bitmap_index = 15825, .adv_w = 139, .box_w = 9, .box_h = 15, .ofs_x = 0, .ofs_y = 0},
    {.bitmap_index = 15893, .adv_w = 137, .box_w = 8, .box_h = 12, .ofs_x = 0, .ofs_y = 0},
    {.bitmap_index = 15941, .adv_w = 139, .box_w = 9, .box_h = 15, .ofs_x = 0, .ofs_y = 0},
    {.bitmap_index = 16009, .adv_w = 137, .box_w = 8, .box_h = 12, .ofs_x = 0, .ofs_y = 0},
    {.bitmap_index = 16057, .adv_w = 139, .box_w = 9, .box_h = 15, .ofs_x = 0, .ofs_y = 0},
    {.bitmap_index = 16125, .adv_w = 137, .box_w = 8, .box_h = 12, .ofs_x = 0, .ofs_y = 0},
    {.bitmap_index = 16173, .adv_w = 171, .box_w = 11, .box_h = 11, .ofs_x = 0, .ofs_y = 0},
    {.bitmap_index = 16234, .adv_w = 187, .box_w = 11, .box_h = 11, .ofs_x = 0, .ofs_y = 0},
    {.bitmap_index = 16295, .adv_w = 146, .box_w = 9, .box_h = 11, .ofs_x = 0, .ofs_y = 0},
    {.bitmap_index = 16345, .adv_w = 147, .box_w = 7, .box_h = 11, .ofs_x = 1, .ofs_y = -2},
    {.bitmap_index = 16384, .adv_w = 168, .box_w = 10, .box_h = 8, .ofs_x = 0, .ofs_y = 0},
    {.bitmap_index = 16424, .adv_w = 187, .box_w = 11, .box_h = 11, .ofs_x = 0, .ofs_y = 0},
    {.bitmap_index = 16485, .adv_w = 151, .box_w = 9, .box_h = 3, .ofs_x = 0, .ofs_y = 3},
    {.bitmap_index = 16499, .adv_w = 232, .box_w = 14, .box_h = 3, .ofs_x = 0, .ofs_y = 3},
    {.bitmap_index = 16520, .adv_w = 52, .box_w = 3, .box_h = 5, .ofs_x = 0, .ofs_y = 7},
    {.bitmap_index = 16528, .adv_w = 52, .box_w = 3, .box_h = 5, .ofs_x = 0, .ofs_y = 7},
    {.bitmap_index = 16536, .adv_w = 51, .box_w = 3, .box_h = 4, .ofs_x = 0, .ofs_y = -2},
    {.bitmap_index = 16542, .adv_w = 94, .box_w = 6, .box_h = 5, .ofs_x = 0, .ofs_y = 7},
    {.bitmap_index = 16557, .adv_w = 94, .box_w = 6, .box_h = 5, .ofs_x = 0, .ofs_y = 7},
    {.bitmap_index = 16572, .adv_w = 94, .box_w = 6, .box_h = 4, .ofs_x = 0, .ofs_y = -2},
    {.bitmap_index = 16584, .adv_w = 150, .box_w = 7, .box_h = 12, .ofs_x = 1, .ofs_y = 0},
    {.bitmap_index = 16626, .adv_w = 150, .box_w = 7, .box_h = 12, .ofs_x = 1, .ofs_y = 0},
    {.bitmap_index = 16668, .adv_w = 80, .box_w = 5, .box_h = 4, .ofs_x = 0, .ofs_y = 3},
    {.bitmap_index = 16678, .adv_w = 146, .box_w = 9, .box_h = 2, .ofs_x = 0, .ofs_y = 0},
    {.bitmap_index = 16687, .adv_w = 186, .box_w = 11, .box_h = 12, .ofs_x = 0, .ofs_y = 0}
};

/*---------------------
 *  CHARACTER MAPPING
 *--------------------*/

static const uint8_t glyph_id_ofs_list_4[] = {
    0, 1, 2, 3, 4, 5, 6, 7,
    8, 9, 0, 10, 11, 12, 13, 14,
    15, 0, 0, 16, 17, 18, 19, 20,
    21, 22, 23, 0, 24, 25, 26, 27
};

static const uint16_t unicode_list_6[] = {
    0x0, 0xe, 0x20, 0x21, 0x25, 0x2e, 0x1c78, 0x1c79,
    0x1c7d, 0x1c7e, 0x1c7f, 0x1c81, 0x1c82, 0x1c83, 0x1c85, 0x1c86,
    0x1c87, 0x1c8b, 0x1d11
};

/*Collect the unicode lists and glyph_id offsets*/
static const lv_font_fmt_txt_cmap_t cmaps[] =
{
    {
        .range_start = 32, .range_length = 95, .glyph_id_start = 1,
        .unicode_list = NULL, .glyph_id_ofs_list = NULL, .list_length = 0, .type = LV_FONT_FMT_TXT_CMAP_FORMAT0_TINY
    },
    {
        .range_start = 160, .range_length = 13, .glyph_id_start = 96,
        .unicode_list = NULL, .glyph_id_ofs_list = NULL, .list_length = 0, .type = LV_FONT_FMT_TXT_CMAP_FORMAT0_TINY
    },
    {
        .range_start = 174, .range_length = 102, .glyph_id_start = 109,
        .unicode_list = NULL, .glyph_id_ofs_list = NULL, .list_length = 0, .type = LV_FONT_FMT_TXT_CMAP_FORMAT0_TINY
    },
    {
        .range_start = 278, .range_length = 22, .glyph_id_start = 211,
        .unicode_list = NULL, .glyph_id_ofs_list = NULL, .list_length = 0, .type = LV_FONT_FMT_TXT_CMAP_FORMAT0_TINY
    },
    {
        .range_start = 302, .range_length = 32, .glyph_id_start = 233,
        .unicode_list = NULL, .glyph_id_ofs_list = glyph_id_ofs_list_4, .list_length = 32, .type = LV_FONT_FMT_TXT_CMAP_FORMAT0_FULL
    },
    {
        .range_start = 336, .range_length = 47, .glyph_id_start = 261,
        .unicode_list = NULL, .glyph_id_ofs_list = NULL, .list_length = 0, .type = LV_FONT_FMT_TXT_CMAP_FORMAT0_TINY
    },
    {
        .range_start = 923, .range_length = 7442, .glyph_id_start = 308,
        .unicode_list = unicode_list_6, .glyph_id_ofs_list = NULL, .list_length = 19, .type = LV_FONT_FMT_TXT_CMAP_SPARSE_TINY
    }
};

/*-----------------
 *    KERNING
 *----------------*/


/*Map glyph_ids to kern left classes*/
static const uint8_t kern_left_class_mapping[] =
{
    0, 0, 0, 1, 0, 0, 0, 2,
    1, 3, 0, 4, 5, 6, 7, 6,
    8, 9, 10, 11, 12, 13, 14, 15,
    16, 17, 9, 18, 18, 5, 5, 5,
    0, 0, 19, 20, 21, 22, 23, 24,
    25, 26, 26, 27, 28, 29, 26, 26,
    22, 30, 22, 31, 22, 32, 27, 33,
    33, 28, 34, 35, 36, 37, 0, 5,
    0, 0, 38, 39, 39, 26, 39, 40,
    41, 42, 26, 26, 43, 38, 42, 42,
    39, 39, 41, 44, 39, 45, 41, 46,
    46, 43, 46, 47, 48, 0, 0, 5,
    0, 49, 50, 0, 0, 10, 0, 0,
    0, 51, 52, 53, 5, 0, 0, 0,
    5, 0, 0, 0, 0, 0, 0, 0,
    0, 52, 54, 0, 0, 0, 55, 19,
    19, 19, 19, 19, 19, 23, 21, 23,
    23, 23, 23, 26, 26, 26, 26, 50,
    26, 22, 22, 22, 22, 22, 5, 22,
    27, 27, 27, 27, 34, 22, 0, 38,
    38, 38, 38, 38, 38, 39, 39, 39,
    39, 39, 39, 26, 26, 26, 26, 39,
    42, 39, 39, 39, 39, 39, 5, 39,
    41, 41, 41, 41, 46, 39, 46, 19,
    38, 19, 38, 19, 38, 21, 39, 21,
    39, 21, 39, 21, 39, 50, 56, 22,
    0, 23, 39, 23, 39, 23, 39, 23,
    39, 25, 41, 25, 41, 25, 41, 25,
    41, 26, 42, 26, 42, 26, 26, 26,
    26, 26, 26, 26, 26, 27, 26, 27,
    26, 28, 43, 29, 38, 29, 38, 57,
    56, 29, 38, 26, 42, 26, 42, 26,
    42, 26, 42, 22, 39, 22, 39, 23,
    39, 31, 44, 31, 44, 31, 44, 22,
    39, 22, 39, 22, 39, 22, 39, 32,
    45, 32, 56, 32, 45, 27, 41, 27,
    41, 27, 41, 27, 41, 27, 41, 27,
    41, 33, 46, 34, 46, 34, 35, 47,
    35, 47, 35, 47, 19, 0, 19, 0,
    0, 0, 0, 0, 58, 59, 6, 58,
    59, 6, 0, 0, 0, 6, 0
};

/*Map glyph_ids to kern right classes*/
static const uint8_t kern_right_class_mapping[] =
{
    0, 0, 1, 2, 0, 0, 3, 4,
    2, 0, 5, 6, 7, 8, 9, 8,
    10, 11, 12, 13, 14, 15, 16, 11,
    17, 18, 19, 20, 20, 7, 7, 7,
    21, 0, 22, 23, 24, 23, 25, 23,
    24, 23, 23, 26, 27, 27, 23, 23,
    24, 23, 24, 23, 24, 28, 29, 30,
    30, 31, 32, 33, 0, 34, 35, 7,
    0, 0, 36, 23, 37, 37, 37, 38,
    37, 23, 23, 39, 23, 40, 41, 41,
    37, 41, 37, 41, 37, 42, 43, 44,
    44, 45, 44, 46, 0, 0, 47, 7,
    0, 0, 0, 0, 0, 48, 0, 0,
    0, 49, 50, 51, 7, 0, 0, 0,
    7, 0, 0, 0, 0, 0, 0, 0,
    0, 50, 52, 0, 0, 0, 53, 22,
    22, 22, 22, 22, 22, 22, 24, 23,
    23, 23, 23, 23, 23, 23, 23, 24,
    23, 24, 24, 24, 24, 24, 7, 24,
    29, 29, 29, 29, 32, 23, 23, 36,
    36, 36, 36, 36, 36, 36, 37, 37,
    37, 37, 37, 23, 23, 23, 23, 37,
    41, 37, 37, 37, 37, 37, 7, 37,
    43, 43, 43, 43, 44, 23, 44, 22,
    36, 22, 36, 22, 36, 24, 37, 24,
    37, 24, 37, 24, 37, 23, 37, 23,
    37, 23, 37, 23, 37, 23, 37, 23,
    37, 24, 37, 24, 37, 24, 37, 24,
    37, 23, 23, 23, 23, 23, 23, 23,
    23, 23, 23, 23, 23, 23, 23, 26,
    39, 27, 23, 27, 40, 23, 40, 27,
    40, 54, 40, 23, 41, 23, 41, 23,
    41, 23, 41, 24, 37, 24, 37, 24,
    37, 23, 41, 23, 41, 23, 41, 24,
    37, 24, 37, 24, 37, 24, 37, 28,
    55, 28, 55, 28, 55, 29, 43, 29,
    43, 29, 43, 29, 43, 29, 43, 29,
    43, 30, 44, 32, 44, 32, 33, 46,
    33, 46, 33, 46, 22, 0, 22, 0,
    0, 0, 0, 0, 56, 57, 8, 56,
    58, 8, 0, 0, 0, 8, 0
};

/*Kern values between classes*/
static const int8_t kern_class_values[] =
{
    0, 0, 0, 0, 0, 0, 0, 0,
    0, -13, 0, 0, 0, 0, -8, 0,
    3, 0, 0, 0, 0, 0, 0, 0,
    0, 0, 0, 0, 0, 0, 0, 0,
    0, 0, 0, 0, 0, 0, 0, 0,
    0, 0, 0, 0, 0, 0, 0, 0,
    0, 0, 0, 0, -10, 0, 0, 0,
    0, 0, 0, 0, 0, 0, 0, 0,
    0, 0, 0, 0, 0, 0, 0, 0,
    0, 0, -17, 0, 0, 0, 0, 0,
    0, 0, 0, 0, 0, 0, 0, 0,
    0, 0, 0, -12, 0, 0, 0, 0,
    0, 0, 0, 0, 0, 0, 0, 0,
    0, 0, 0, 0, 0, 0, 0, 0,
    0, 0, 0, 0, 0, 0, 0, 0,
    0, 0, 0, 0, 0, 0, 0, 0,
    -3, -1, -10, 0, 0, -2, 0, 0,
    0, 0, 0, 0, 0, 0, 0, 0,
    0, 0, 0, 0, 0, 0, 0, 0,
    0, 0, 0, 0, 0, 0, 0, 0,
    0, 0, 0, 0, -4, 0, 0, 0,
    0, 0, 0, 0, 0, 0, 0, 0,
    0, 0, 0, 0, 0, -10, 0, -18,
    0, 0, 0, 0, 0, 0, 3, 0,
    0, 0, 0, 0, 0, 0, 0, 0,
    0, 0, 0, 0, 0, 0, 0, 0,
    0, 0, 0, 0, 0, 0, 0, 0,
    0, 0, 0, 0, 0, 0, 0, 0,
    0, 0, 0, 0, 0, 0, 0, 0,
    0, 0, 0, 0, 0, 0, 0, 0,
    0, 0, 0, 0, 0, 0, 0, 0,
    -5, 0, 0, 0, 0, 0, 0, 0,
    0, 0, 0, 0, 0, 0, 0, 0,
    0, 0, 0, 0, 0, 0, 0, 0,
    0, 0, 0, 0, 0, 0, 0, 0,
    0, 0, 0, 0, 0, 0, 0, 0,
    0, 0, 0, 0, 0, 0, 0, -10,
    0, 0, 0, 0, 0, -20, 0, 0,
    0, 0, -15, 0, 0, 0, 0, 0,
    0, 0, 0, 0, 0, 0, 0, 0,
    0, 0, 0, -20, 0, 0, 0, 0,
    0, 0, 0, 0, 0, 0, 0, 0,
    0, 0, -5, 0, 0, 0, 0, 0,
    0, 0, 0, 0, 0, 0, 0, 0,
    0, 0, 0, 0, 0, 0, 0, -5,
    0, 0, 3, 0, -10, 0, 0, 0,
    0, 0, 0, 0, 0, 0, 0, 0,
    0, 0, 0, 0, 0, 0, 0, 0,
    0, 0, 0, 0, 0, 0, 0, 0,
    0, 0, 0, 0, 0, 0, 0, 0,
    0, 0, 0, 0, 0, 0, -8, 0,
    0, -6, 0, 0, 0, -20, 0, -27,
    -5, -5, -10, -10, -20, -3, 0, -5,
    -5, -8, -8, 0, 0, 0, 0, 0,
    0, 0, 0, 0, 0, 0, 0, -3,
    0, 0, 0, 0, 0, 0, 0, 0,
    0, 0, 0, 0, 0, -4, -8, 0,
    -13, -5, 0, 0, 0, 0, 0, 0,
    0, 0, 0, 0, 0, 0, 0, 0,
    0, 0, 3, -3, 0, 0, -3, 0,
    -10, 0, 0, 0, 0, 0, 0, 0,
    0, 0, 0, 0, 0, 0, 0, 0,
    0, 0, 0, 0, 0, 0, 0, 0,
    0, 0, 0, 0, 0, 0, 0, 0,
    0, 0, 0, 0, 0, 0, 0, 0,
    0, 0, 0, 0, 0, 0, 0, 0,
    0, 0, -3, -5, -3, -10, -3, 0,
    -5, 0, -5, -5, 0, 0, 0, 0,
    0, 0, 0, 0, 0, 0, 0, 0,
    0, 0, 0, 0, 0, 0, 0, 0,
    0, 0, 0, 0, 0, 0, 0, 0,
    0, -4, -3, 0, 0, 0, 0, 0,
    0, -5, -5, -5, 0, 0, 0, 0,
    0, 0, 0, 0, -8, -3, 0, -3,
    0, -5, -10, 0, -8, 0, 0, 0,
    0, 0, 0, 0, 0, 0, 0, 0,
    0, 0, 0, 0, 0, 0, 0, 0,
    0, 0, 0, 0, 0, 0, 0, 0,
    0, 0, 0, 0, -3, 0, 0, 0,
    0, 0, 0, 0, 0, 0, 0, 0,
    0, 0, -1, 0, 0, 0, 0, -8,
    0, 0, 0, 0, 0, 0, -5, 0,
    0, 0, 0, 0, 0, 0, 0, 0,
    0, 0, 0, 0, 0, 0, 0, 0,
    0, 0, 0, 0, 0, 0, 0, 0,
    0, 0, 0, 0, 0, 0, 0, 0,
    0, 0, 0, 0, 0, 0, 0, 0,
    0, -3, -5, 0, 0, 0, 0, 0,
    -3, 0, -3, -5, 0, -5, 0, 0,
    -8, 0, 0, -5, 0, 0, 0, 0,
    0, 0, 0, 0, 0, 0, 0, 0,
    0, 0, 0, 0, 0, 0, 0, 0,
    0, 0, 0, 0, 0, 0, 0, 0,
    0, 0, 0, 0, 0, 0, 0, 0,
    0, 0, 0, 0, 0, 0, -3, 0,
    0, 0, 0, -5, -5, 0, -3, 0,
    0, 0, -13, 0, 0, 0, 0, 0,
    0, 0, 0, 0, 0, 0, 0, 0,
    0, 0, 0, 0, 0, 0, 0, 0,
    0, 0, 0, 0, 0, 0, 0, 0,
    0, 0, 0, 0, 0, 0, 0, 0,
    0, 0, 0, 0, 0, 0, 0, 0,
    0, 0, 0, 0, 0, -5, 0, -5,
    -3, 0, 0, 0, -10, 0, 0, 0,
    0, 0, 0, 0, 0, 0, 0, 0,
    0, 0, 0, 0, 0, 0, 0, 0,
    0, 0, 0, 0, 0, 0, 0, 0,
    0, 0, 0, 0, 0, 0, 0, 0,
    0, 0, 0, 0, 0, 0, 0, 0,
    3, 0, 0, 0, 0, -26, -10, -15,
    0, 3, -3, 0, -15, 0, 5, -3,
    0, -5, 0, 0, 0, 0, 0, 0,
    0, 0, 0, 0, 0, 0, 0, 0,
    8, 0, 0, 0, 0, 0, 0, 0,
    0, 0, 0, 0, 8, 0, -3, 0,
    0, 0, 0, 0, 0, 0, 0, 0,
    0, 0, 0, 0, -2, 0, 0, 0,
    0, 0, 0, -5, 0, 0, 0, 0,
    -5, 0, 0, 0, 0, 0, 0, 0,
    0, 0, 0, 0, 0, 0, 0, 0,
    0, 0, 0, 0, 0, 0, 0, 0,
    0, 0, 0, 0, 0, 0, 0, 0,
    0, 0, 0, 0, 0, 0, 0, 0,
    0, 0, 0, 0, 0, 0, 0, 0,
    0, 0, 0, -5, 0, 0, 0, 0,
    -5, 0, -15, 0, 0, 0, 0, 0,
    0, 0, 0, 0, 0, 0, 0, 0,
    0, 0, 0, -8, 0, 0, 0, 0,
    0, 0, 0, 0, 0, 0, 0, 0,
    0, 0, -3, 0, 0, 0, 0, 0,
    0, 0, 0, 0, -3, -13, 0, 0,
    0, -18, 0, 0, 0, 0, 0, 0,
    0, -8, 0, 0, -23, 0, 0, -5,
    -13, 0, -5, -8, -5, -8, -4, -23,
    -4, -27, 0, -18, -3, -27, 0, 0,
    -5, -10, 0, -5, -5, -15, -5, -15,
    -8, -3, 0, -4, -8, -18, 0, 0,
    0, 0, -15, 0, 0, 0, 0, 0,
    0, 0, 0, 0, 0, 0, 0, -5,
    0, 0, 0, 0, 0, 0, -10, 0,
    0, -5, -8, -5, -2, -3, -5, 0,
    0, -10, 0, -8, 0, -10, 0, -8,
    0, -2, -1, -5, -3, -3, -3, -5,
    -3, -8, -10, -5, 0, 0, -3, 0,
    0, 0, 0, 0, 0, 0, 0, 0,
    0, 0, 0, 0, 0, 0, 0, 0,
    0, -6, 0, 0, 0, 0, 0, 0,
    -4, 0, 0, 0, 0, -6, 1, 0,
    1, 0, -3, -4, 0, -5, -5, -5,
    0, -5, 0, -1, -2, -5, 0, -3,
    -2, -3, -3, -3, -8, -3, 0, -3,
    0, 0, 0, 0, 0, 0, -3, 0,
    0, 0, 0, 0, 0, 0, -5, -3,
    0, -5, 0, -8, 0, 0, -3, 0,
    0, 0, -10, 0, 0, -3, -5, -8,
    3, 0, 3, -3, -3, -10, 0, -8,
    -8, -10, -3, -8, 0, 3, 4, -3,
    -5, 0, 0, -6, 0, -4, -5, 0,
    0, -3, 0, -3, 0, 0, 0, -3,
    -6, 0, 0, 0, 0, 0, 0, 0,
    0, 0, 0, 0, 0, 0, 0, 0,
    0, 0, 0, 0, 0, 0, 0, -3,
    -5, 0, -3, 0, -3, 0, 0, 0,
    0, 4, 0, -5, 0, 4, 0, -2,
    -5, -8, -3, 0, 0, -10, 0, -5,
    -8, 0, 0, 0, 0, 0, 0, 0,
    0, 0, -10, 0, 0, 0, 0, 0,
    0, 0, 0, 0, 0, -20, 0, -20,
    0, 0, 0, 0, 0, 0, 0, 0,
    0, -8, -5, -20, -5, 0, -5, -15,
    -8, 0, 0, 0, -5, -5, -5, 0,
    0, -5, -8, -3, -8, -5, -8, -10,
    -8, -10, -13, -8, 0, -8, 0, 0,
    0, 0, 0, 0, -10, 0, 0, 0,
    0, 0, 0, 0, 0, 0, 0, 0,
    0, 0, 0, 0, 0, 0, 0, 0,
    -5, 0, 0, 0, 0, 0, 0, 0,
    0, 0, 0, -5, 0, -8, -3, -5,
    0, -8, 0, 3, 3, -3, 0, 0,
    0, -3, 0, -1, -3, 2, 0, 0,
    0, 0, 0, 0, 0, 0, -3, 0,
    0, 0, 0, 0, 0, 0, 0, 0,
    0, 0, 0, -3, 0, 0, 0, 0,
    0, 0, -10, 0, 0, 0, -3, -3,
    -5, -4, -5, -5, 0, -10, 4, -5,
    -3, -5, -1, -5, 0, -3, -3, -12,
    -3, -3, 2, -10, -5, -3, -13, -3,
    0, 0, -4, 0, 0, 0, 0, 0,
    -10, 0, 0, 0, 0, 0, 0, 0,
    0, 0, 0, 0, 0, -4, 0, 0,
    0, 0, 0, 0, 0, 0, 0, 0,
    0, -4, 4, 0, 4, -8, 0, 0,
    0, 0, -5, -5, 0, 0, 0, 0,
    -2, -5, -2, 0, 0, -5, 0, -5,
    -8, -5, 0, 0, 0, 0, 0, 0,
    0, 0, -5, 0, 0, 0, 0, 0,
    0, 0, 0, -3, 0, 0, 0, 0,
    0, 0, 0, 0, 0, 0, -1, 0,
    0, -5, -5, 0, -3, -10, -3, -8,
    -5, -1, -5, -3, 0, 0, -3, -3,
    0, -3, -12, -13, -3, 0, -5, -13,
    -8, -8, -8, 0, 0, -5, -10, -3,
    0, 0, 0, 0, -13, 0, 0, 0,
    -5, -26, 0, 0, 0, -31, 0, -3,
    0, -5, 0, 0, 0, 0, 0, 0,
    -36, 0, 0, -5, -20, -5, -13, -13,
    -13, -15, -8, -36, -13, -41, 0, -41,
    -5, -41, 0, 0, -10, -15, -5, -10,
    0, -20, -10, -20, -13, -5, 0, -8,
    -13, -31, 0, 0, 0, 0, -20, 0,
    0, 0, -3, 0, 0, 0, 0, 0,
    0, -28, -8, -18, 0, 0, 0, 0,
    0, 0, 0, 0, 0, -5, -5, -18,
    -5, -3, -5, -20, 0, 0, 0, -10,
    -10, -10, -5, -10, 0, -6, -7, 0,
    0, 0, -3, 0, -8, -5, -10, -8,
    0, 0, -3, 0, 0, 0, 0, 0,
    0, 0, 0, 0, 0, 0, 0, 0,
    0, 0, 0, 0, 0, -3, 0, 0,
    0, 0, 0, 0, -5, 0, 0, -3,
    -5, -3, 0, -4, 0, 0, -4, -5,
    0, -13, 0, -5, 0, -13, 0, -1,
    -3, -8, -2, 0, 0, -8, -3, -5,
    -5, 0, 0, -4, -4, 0, 0, 0,
    0, 0, -8, 0, 0, 0, 0, 3,
    0, -7, 0, 3, 0, -26, -10, -23,
    0, 0, 0, 0, -8, 0, 3, 0,
    0, -15, -5, -23, -8, -10, -8, -31,
    -10, 3, 0, -3, -1, 2, 0, -3,
    5, -18, -20, -10, -10, -5, -13, -10,
    -18, -13, -15, -13, 0, -10, -10, 3,
    -15, -15, 0, 0, -10, 0, 2, 2,
    -8, 0, 0, -6, 0, 0, 0, -20,
    0, -27, -5, -5, -10, -10, -20, -3,
    0, -5, -5, -8, -8, -27, -6, -8,
    -6, -20, -4, 0, 0, -3, -3, 0,
    -3, -3, 0, -11, -10, -13, -10, -8,
    -8, -10, -13, -10, -15, -9, 0, -4,
    -8, 0, -13, -5, 0, 0, -10, 0,
    0, 0, 0, 0, 0, 0, 0, 0,
    -5, 0, 0, -18, 0, 0, 0, 0,
    0, 0, 2, 0, 0, 0, 0, -18,
    -5, -10, -5, -31, 0, 2, -5, 0,
    0, 5, -3, 0, 0, -15, -18, -13,
    -10, -5, -15, -15, -15, -10, -15, -18,
    0, 0, -10, 0, 0, 0, 0, -5,
    -15, 0, 0, 0, 0, 0, 0, 0,
    0, 0, 0, 0, -5, -5, 0, 0,
    0, 0, 0, 0, 0, 0, 0, 0,
    -5, -5, -1, -5, -1, -8, 0, 0,
    0, -3, -3, -3, 0, -3, 0, -3,
    -8, -10, -4, -2, -3, -8, -5, -8,
    -10, -5, 0, 0, -5, 0, 0, 0,
    0, 0, -8, 0, 0, 0, 0, 0,
    0, 0, 0, 0, 0, 0, 0, 0,
    0, 0, 0, 0, 0, 0, 5, 0,
    0, 0, 0, 0, 0, 0, 0, 0,
    0, 5, 0, 0, 0, 0, 0, 0,
    0, 0, 0, 0, 8, 0, 0, 0,
    0, 0, 0, 0, 0, 0, 0, 0,
    0, 0, 0, 0, 0, 0, 0, 0,
    -3, -13, 0, 0, 0, -18, 0, 0,
    0, 0, 0, 0, 0, -8, 0, 0,
    -23, 0, 0, -5, -13, 0, 0, 0,
    0, 0, 0, 0, 0, 0, 0, 0,
    0, -27, 0, 0, 0, 0, 0, 0,
    0, 0, 0, 0, 0, 0, 0, -4,
    -8, 0, 0, 0, 0, 0, 0, 0,
    0, 0, 0, 0, 0, 0, 0, -5,
    0, 5, 0, 0, 0, 0, 0, 0,
    0, 0, 0, 0, 0, 0, -5, 0,
    -2, 0, -2, 0, 0, 0, 0, 0,
    0, 0, 0, 0, 0, 0, -2, -4,
    1, -3, -1, -13, -3, -6, -7, -2,
    0, 0, 0, -5, 0, 0, 0, 0,
    -13, 0, 0, 0, 0, -3, 0, 0,
    0, -5, 0, 0, 0, -3, 0, 0,
    0, 0, 0, 0, -18, 0, 0, 0,
    -10, -3, -3, 0, -3, 0, 0, -18,
    0, -13, -5, -13, 0, -13, 0, 1,
    -3, -8, -3, -1, -3, -8, -3, -6,
    -13, -6, 0, 0, 0, -5, 0, 0,
    0, 0, -8, 0, 0, 0, 0, 0,
    0, 0, 0, 3, 0, -15, -8, -10,
    0, 0, 0, 0, 0, 0, 0, 0,
    0, -8, 0, -10, -10, 0, -10, 0,
    0, 0, 0, 0, 0, 0, 0, 0,
    3, -8, -11, -14, -10, -5, -8, -10,
    0, -10, -10, -3, 0, 0, 0, 3,
    0, 0, 0, 0, -10, 3, 0, 0,
    0, 0, 0, 0, 0, 0, 0, 0,
    0, 0, 0, 0, 0, 0, 0, 0,
    -15, 0, 0, 0, -5, 0, -4, 0,
    -4, 0, 0, -15, 0, -5, 0, -5,
    0, -5, 0, 0, -3, -6, 1, 0,
    0, -7, 0, -5, -4, -3, 0, 0,
    0, 0, 0, 0, 0, 0, -7, 0,
    0, 0, 0, 0, 0, 0, 0, -5,
    0, 0, 0, 0, 0, 0, 0, 0,
    0, 0, -10, 0, 0, 0, -5, 0,
    -2, 0, -2, 0, 0, -10, 0, -5,
    -3, -10, 0, -5, 0, -3, -3, -9,
    -8, -4, -5, -10, -4, -9, -13, -5,
    0, 0, 0, -5, 0, 0, 0, 0,
    -10, 0, 0, 0, -5, 0, 0, 0,
    0, -5, 0, -5, -18, 0, 0, 0,
    0, 0, 0, 0, -5, 0, 0, -10,
    -8, 0, -13, -3, -13, 0, 0, -5,
    0, 0, 0, 0, 0, 0, 0, -11,
    -13, -15, -7, -9, -11, -14, -5, -18,
    -10, -8, 0, 0, -3, -5, 0, 0,
    0, 0, -14, 0, 0, 0, 0, 0,
    0, 0, 0, 0, 0, -15, -10, -8,
    0, 0, 0, 0, 0, 0, -10, 0,
    0, -13, 0, -8, -8, 0, -8, 0,
    0, -10, 0, 0, 0, 0, 0, 0,
    0, -10, -10, -15, -10, -8, -10, -13,
    -5, -6, -18, -8, 0, 0, 0, 0,
    -10, 0, 0, 0, -13, 0, 0, 0,
    0, 0, 0, 0, 0, 0, 0, 6,
    -8, 3, 0, 0, 0, 0, 0, 0,
    0, 0, 0, 0, 0, 3, -4, 0,
    -4, 0, 0, 0, 0, -3, 0, 0,
    8, -3, 0, -3, -4, -9, -3, 0,
    1, -10, -2, -3, -8, 1, 0, 0,
    0, 0, 0, 0, 0, 0, -10, 0,
    0, 0, 0, 0, 0, 0, 0, 0,
    0, -15, -3, -13, 0, 0, 0, 0,
    0, 0, -10, 0, 0, -5, 0, -13,
    -3, -4, -3, -10, 0, -10, 0, 0,
    0, 0, 0, 0, 0, -6, -7, -3,
    -4, -3, -6, -6, -5, 0, -12, -6,
    0, 0, -4, 0, 0, 0, 0, 0,
    -6, 0, 0, 0, 0, 0, 0, 0,
    0, 0, 0, 0, 0, 0, 0, 0,
    0, 0, 0, 0, 0, 0, 0, -5,
    -3, 0, -3, 0, -3, 0, 0, 0,
    0, -8, -3, 0, 0, -8, 0, -4,
    -8, -5, -5, -6, -5, -8, -5, -7,
    -13, -4, 0, 0, 0, 0, 0, 0,
    0, 0, -8, 0, 0, 0, 0, 0,
    0, 0, 0, 0, 0, 0, 0, 0,
    0, 0, 0, 0, 0, 0, 3, 0,
    0, 0, 0, 0, 0, 0, 0, 0,
    0, 3, 0, 0, 0, 0, 0, 0,
    0, 0, 0, 0, 0, 0, 0, 0,
    0, 0, 0, 0, 0, 0, 0, 0,
    0, 0, 0, 0, 0, 0, 0, 0,
    0, 0, 0, 0, 0, 0, 0, 0,
    0, 0, 0, 0, 0, 0, 0, 0,
    0, 0, 0, 0, 0, 0, 0, 0,
    0, 0, 0, 0, 0, -10, 0, 0,
    0, -10, 0, 0, 0, -3, 0, 0,
    0, -4, 0, 0, 0, 0, 0, 0,
    0, 0, 0, 0, 0, 0, -4, 0,
    0, 0, 0, 0, 0, 0, 0, 0,
    0, 0, 0, 0, 0, 0, 0, 0,
    0, 0, -5, 0, 0, 0, 0, 0,
    0, 0, 0, 0, 0, -5, 0, 0,
    0, 0, 0, 0, 0, 0, 0, 0,
    0, 0, 0, 0, 0, 0, 0, 0,
    0, 0, 0, 0, 0, 0, 0, 0,
    0, 0, 0, 0, 0, 0, 0, 0,
    -5, -3, 0, -5, 0, -8, 0, 0,
    -3, 0, 0, 0, -10, 0, 0, -3,
    -5, 0, 0, 0, 0, 0, 0, 0,
    0, 0, 0, 0, 0, -8, 0, 0,
    0, 0, 0, 0, 0, 0, 0, 0,
    0, 0, 0, -3, 0, 0, 0, 0,
    0, 0, 0, 0, 0, 0, 0, 0,
    0, 0, 0, 0, 0, -10, 0, -18,
    0, 0, 0, 0, 0, 0, 3, 0,
    0, 0, 0, -18, 0, 0, 0, 0,
    0, 3, 0, 0, 0, 0, 0, 0,
    0, 0, 0, 0, 0, 0, 0, 0,
    0, 0, 0, 0, 0, 0, 0, 0,
    0, 0, 0, 0, 0, 0, 0, 0,
    0, 0, 0, 0, 0, 0, 0, 0,
    0, 0, 0, 0, 0, 0, 0, 0,
    -15, 0, 0, 0, 0, 0, 0, 0,
    0, 0, 0, 0, 0, 0, 0, 0,
    0, -10, 0, 0, 0, 0, 0, 0,
    0, 0, 0, 0, 0, 0, 0, 0,
    0, 0, 0, 0, 0, 0, 0, 0,
    0, 0, 0, 0, 0, 0, 0, 0,
    0, 0, 0, 0, 0, 0, 0, 0,
    0, 0, -15, 0, 0, 0, 0, 0,
    0, 0, 0, -3, 0, -15, 0, -13,
    0, 0, 0, -13, 0, 0, 0, 0,
    0, 0, 0, 0, 0, 0, 0, 0,
    0, 0, 0, 0, 0, 0, 0, 0,
    0, 0, 0, 0, 0, -10, 0, 0,
    0, 0, 0, 0, 0, 0, 0, -15,
    0, 0, 0, 0, -20, 0, 0, 0,
    0, 0, 0, 0, 0, 0, 0, 0,
    0, 0, 0, 0, 0, -26, 0, 0,
    0, 0, 0, 0, 0, 0, 0, 0,
    0, 0, 0, 0, -13, 0, 0, 0,
    0, 0, 0, 0, 0, 0, 0, 0,
    0, 0, 0, 5, 0, 0, 0, 0,
    0, 0, 0, 0, 0, 0, 0, 0,
    0, 0, 0, 0, 1, 0, 1, 0,
    0, 0, 0, 0, 0, 0, 0, 0,
    0, -3, -5, -3, -3, -1, 0, -3,
    0, -2, -3, 0, 0, 0, 0, 5,
    0, 0, 0, 0, -3, 0, 0, 8,
    0, 0, 0, 0, 0, 0, 0, 0,
    0, 0, 0, 0, 0, 0, 0, 0,
    -8, 0, 0, 0, 0, 0, 0, 0,
    0, 0, 0, -8, 0, -10, 0, -8,
    0, -10, 0, 0, 0, 0, 0, 0,
    0, 0, 0, 0, 0, 0, 0, 0,
    0, 0, 0, 0, 0, 0, 0, 0,
    0, 0, 0, 0, 0, 0, 0, 0,
    0, 0, 0, 0, 0, 0, 0, 0,
    0, 0, 0, 0, 0, 0, 0, 0,
    0, 0, 0, -31, 0, 0, 0, 0,
    0, 0, 0, 0, 0, 0, 0, 0,
    0, 0, 0, 0, 0, 0, 0, 0,
    0, 0, 0, 0, 0, 0, 0, 0,
    0, 0, 0, 0, 0, 0, 0, 0,
    0, 0, 0, 0, 0, 0, 0, 2,
    0, 0, 0, 0, 0, 0, 0, 0,
    0, 0, 0, 0, 0, 0, 0, 0,
    0, 0, 0, 0, 0, 0, 0, 0,
    0, 0, 0, 0, 0, 0, 0, 0,
    0, 0, 0, 0, 0, 0, 0, 0,
    0, 0, 0, 0, 0, 0
};


/*Collect the kern class' data in one place*/
static const lv_font_fmt_txt_kern_classes_t kern_classes =
{
    .class_pair_values   = kern_class_values,
    .left_class_mapping  = kern_left_class_mapping,
    .right_class_mapping = kern_right_class_mapping,
    .left_class_cnt      = 59,
    .right_class_cnt     = 58,
};

/*--------------------
 *  ALL CUSTOM DATA
 *--------------------*/

#if LVGL_VERSION_MAJOR == 8
/*Store all the custom data of the font*/
static  lv_font_fmt_txt_glyph_cache_t cache;
#endif

#if LVGL_VERSION_MAJOR >= 8
static const lv_font_fmt_txt_dsc_t font_dsc = {
#else
static lv_font_fmt_txt_dsc_t font_dsc = {
#endif
    .glyph_bitmap = glyph_bitmap,
    .glyph_dsc = glyph_dsc,
    .cmaps = cmaps,
    .kern_dsc = &kern_classes,
    .kern_scale = 16,
    .cmap_num = 7,
    .bpp = 4,
    .kern_classes = 1,
    .bitmap_format = 0,
#if LVGL_VERSION_MAJOR == 8
    .cache = &cache
#endif
};



/*-----------------
 *  PUBLIC FONT
 *----------------*/

/*Initialize a public general font descriptor*/
#if LVGL_VERSION_MAJOR >= 8
const lv_font_t lv_font_geist_16 = {
#else
lv_font_t lv_font_geist_16 = {
#endif
    .get_glyph_dsc = lv_font_get_glyph_dsc_fmt_txt,    /*Function pointer to get glyph's data*/
    .get_glyph_bitmap = lv_font_get_bitmap_fmt_txt,    /*Function pointer to get glyph's bitmap*/
    .line_height = 20,          /*The maximum line height required by the font*/
    .base_line = 4,             /*Baseline measured from the bottom of the line*/
#if !(LVGL_VERSION_MAJOR == 6 && LVGL_VERSION_MINOR == 0)
    .subpx = LV_FONT_SUBPX_NONE,
#endif
#if LV_VERSION_CHECK(7, 4, 0) || LVGL_VERSION_MAJOR >= 8
    .underline_position = -2,
    .underline_thickness = 1,
#endif
    .dsc = &font_dsc,          /*The custom font data. Will be accessed by `get_glyph_bitmap/dsc` */
#if LV_VERSION_CHECK(8, 2, 0) || LVGL_VERSION_MAJOR >= 9
    .fallback = NULL,
#endif
    .user_data = NULL,
};



#endif /*#if LV_FONT_GEIST_16*/

